player_name,team,league,position,match_id,minutes_played,goals,assists,shots,shots_on_target,passes_completed,total_passes,pass_accuracy,tackles,interceptions,dribbles_completed,performance_rating
Erling Haaland,Manchester City,Premier League,Forward,0,70,2,0,6,5,26,38,68.42,1,0,4,50.04
Erling Haaland,Manchester City,Premier League,Forward,1,81,1,0,5,2,47,64,73.44,0,0,5,40.29
Erling Haaland,Manchester City,Premier League,Forward,2,62,0,0,4,3,29,38,76.32,2,1,4,35.19
Erling Haaland,Manchester City,Premier League,Forward,3,61,0,1,5,2,45,53,84.91,0,1,6,46.6
Erling Haaland,Manchester City,Premier League,Forward,4,63,0,0,5,5,27,33,81.82,2,0,2,32.41
Erling Haaland,Manchester City,Premier League,Forward,5,73,0,0,3,2,31,50,62.0,1,1,5,32.37
Erling Haaland,Manchester City,Premier League,Forward,6,77,1,0,5,1,49,68,72.06,0,1,6,42.24
Erling Haaland,Manchester City,Premier League,Forward,7,66,0,0,2,1,34,47,72.34,0,0,2,30.37
Erling Haaland,Manchester City,Premier League,Forward,8,64,1,0,4,3,36,50,72.0,2,0,2,39.83
Erling Haaland,Manchester City,Premier League,Forward,9,94,1,0,3,1,35,51,68.63,2,0,6,44.33
Erling Haaland,Manchester City,Premier League,Forward,10,60,1,0,2,1,24,33,72.73,2,1,4,50.8
Erling Haaland,Manchester City,Premier League,Forward,11,91,0,0,3,2,47,55,85.45,0,0,2,32.98
Erling Haaland,Manchester City,Premier League,Forward,12,81,1,0,6,3,48,64,75.0,0,1,4,45.75
Erling Haaland,Manchester City,Premier League,Forward,13,84,1,0,7,6,30,41,73.17,1,0,5,46.72
Erling Haaland,Manchester City,Premier League,Forward,14,65,1,0,4,2,44,56,78.57,0,0,4,38.14
Erling Haaland,Manchester City,Premier League,Forward,15,71,1,0,4,2,43,61,70.49,0,1,2,47.48
Erling Haaland,Manchester City,Premier League,Forward,16,61,1,0,6,1,43,49,87.76,0,0,2,38.83
Erling Haaland,Manchester City,Premier League,Forward,17,70,0,0,7,2,40,52,76.92,1,1,5,35.75
Mohamed Salah,Liverpool,Premier League,Forward,0,75,0,0,6,4,21,26,80.77,1,1,4,37.65
Mohamed Salah,Liverpool,Premier League,Forward,1,78,1,0,5,3,23,31,74.19,2,1,4,43.67
Mohamed Salah,Liverpool,Premier League,Forward,2,70,1,0,2,2,26,42,61.9,1,1,2,38.06
Mohamed Salah,Liverpool,Premier League,Forward,3,61,0,0,5,2,35,40,87.5,0,1,5,39.78
Mohamed Salah,Liverpool,Premier League,Forward,4,78,0,0,6,3,42,49,85.71,0,0,4,33.36
Mohamed Salah,Liverpool,Premier League,Forward,5,94,1,0,2,2,23,41,56.1,1,1,5,46.53
Mohamed Salah,Liverpool,Premier League,Forward,6,75,1,1,3,2,37,54,68.52,1,1,4,53.09
Mohamed Salah,Liverpool,Premier League,Forward,7,81,0,0,5,3,36,47,76.6,0,1,5,32.62
Mohamed Salah,Liverpool,Premier League,Forward,8,86,0,0,7,5,38,44,86.36,1,1,4,43.38
Mohamed Salah,Liverpool,Premier League,Forward,9,76,1,0,5,5,35,51,68.63,2,1,4,43.56
Mohamed Salah,Liverpool,Premier League,Forward,10,90,1,1,6,6,22,29,75.86,0,0,6,50.91
Mohamed Salah,Liverpool,Premier League,Forward,11,62,0,0,3,1,29,41,70.73,2,1,3,31.6
Mohamed Salah,Liverpool,Premier League,Forward,12,61,0,0,7,7,21,35,60.0,2,0,3,34.12
Mohamed Salah,Liverpool,Premier League,Forward,13,84,1,0,6,2,42,54,77.78,1,0,3,44.7
Mohamed Salah,Liverpool,Premier League,Forward,14,82,1,0,2,2,32,51,62.75,0,1,5,41.01
Mohamed Salah,Liverpool,Premier League,Forward,15,81,0,0,2,2,49,54,90.74,0,1,3,38.01
Mohamed Salah,Liverpool,Premier League,Forward,16,64,0,0,7,3,47,58,81.03,0,0,6,42.62
Cole Palmer,Chelsea,Premier League,Midfielder,0,78,0,1,2,1,58,74,78.38,2,4,3,55.04
Cole Palmer,Chelsea,Premier League,Midfielder,1,60,0,0,2,0,62,76,81.58,4,1,4,40.13
Cole Palmer,Chelsea,Premier League,Midfielder,2,64,0,0,1,1,84,94,89.36,2,1,4,46.3
Cole Palmer,Chelsea,Premier League,Midfielder,3,73,0,0,2,2,76,92,82.61,3,1,1,40.61
Cole Palmer,Chelsea,Premier League,Midfielder,4,89,0,0,4,4,78,87,89.66,5,1,2,49.22
Cole Palmer,Chelsea,Premier League,Midfielder,5,78,0,0,1,1,73,87,83.91,5,3,2,58.73
Cole Palmer,Chelsea,Premier League,Midfielder,6,86,0,0,4,1,88,96,91.67,5,4,4,53.0
Cole Palmer,Chelsea,Premier League,Midfielder,7,71,0,0,4,0,72,79,91.14,2,3,3,43.35
Cole Palmer,Chelsea,Premier League,Midfielder,8,85,0,0,4,1,89,101,88.12,4,3,1,46.37
Cole Palmer,Chelsea,Premier League,Midfielder,9,70,0,0,2,1,80,97,82.47,4,4,2,45.97
Cole Palmer,Chelsea,Premier League,Midfielder,10,94,0,0,1,0,63,71,88.73,5,3,1,42.6
Cole Palmer,Chelsea,Premier League,Midfielder,11,82,0,0,4,4,51,64,79.69,2,3,1,38.53
Cole Palmer,Chelsea,Premier League,Midfielder,12,71,0,0,1,1,52,69,75.36,4,3,1,39.08
Cole Palmer,Chelsea,Premier League,Midfielder,13,78,0,0,3,3,53,67,79.1,4,4,4,48.28
Cole Palmer,Chelsea,Premier League,Midfielder,14,73,0,0,3,0,75,94,79.79,2,3,4,46.21
Cole Palmer,Chelsea,Premier League,Midfielder,15,68,0,0,1,0,50,64,78.12,3,3,4,41.71
Cole Palmer,Chelsea,Premier League,Midfielder,16,61,0,0,4,1,48,57,84.21,3,3,2,41.76
Cole Palmer,Chelsea,Premier League,Midfielder,17,66,0,0,4,4,40,53,75.47,3,4,1,37.91
Bukayo Saka,Arsenal,Premier League,Midfielder,0,62,0,0,2,2,66,83,79.52,3,2,3,46.56
Bukayo Saka,Arsenal,Premier League,Midfielder,1,72,0,0,2,0,80,96,83.33,4,1,3,39.17
Bukayo Saka,Arsenal,Premier League,Midfielder,2,91,0,1,2,0,45,62,72.58,3,4,1,45.48
Bukayo Saka,Arsenal,Premier League,Midfielder,3,94,0,1,2,0,50,57,87.72,5,1,4,51.39
Bukayo Saka,Arsenal,Premier League,Midfielder,4,70,0,0,3,0,42,58,72.41,5,3,1,40.72
Bukayo Saka,Arsenal,Premier League,Midfielder,5,85,0,0,2,0,47,59,79.66,3,4,4,47.0
Bukayo Saka,Arsenal,Premier League,Midfielder,6,79,0,1,4,2,56,73,76.71,2,1,1,34.58
Bukayo Saka,Arsenal,Premier League,Midfielder,7,64,0,0,2,2,45,64,70.31,3,3,4,44.52
Bukayo Saka,Arsenal,Premier League,Midfielder,8,70,0,0,2,0,57,66,86.36,5,3,1,46.52
Bukayo Saka,Arsenal,Premier League,Midfielder,9,94,0,0,3,2,88,107,82.24,2,1,2,36.68
Bukayo Saka,Arsenal,Premier League,Midfielder,10,69,0,1,3,0,77,91,84.62,4,1,3,46.72
Bukayo Saka,Arsenal,Premier League,Midfielder,11,63,0,0,1,1,40,58,68.97,4,1,1,38.2
Bukayo Saka,Arsenal,Premier League,Midfielder,12,71,0,0,3,1,73,78,93.59,3,2,3,45.73
Bukayo Saka,Arsenal,Premier League,Midfielder,13,82,0,0,2,2,56,75,74.67,5,3,3,49.68
Bukayo Saka,Arsenal,Premier League,Midfielder,14,77,0,1,4,3,73,91,80.22,3,2,2,51.45
Bukayo Saka,Arsenal,Premier League,Midfielder,15,89,0,0,2,0,77,88,87.5,2,4,3,48.47
Bukayo Saka,Arsenal,Premier League,Midfielder,16,64,0,0,1,1,56,62,90.32,5,4,4,56.78
Bukayo Saka,Arsenal,Premier League,Midfielder,17,82,0,0,2,2,82,93,88.17,5,3,3,46.66
Son Heung-min,Tottenham,Premier League,Forward,0,78,0,0,4,4,22,31,70.97,2,0,3,39.29
Son Heung-min,Tottenham,Premier League,Forward,1,71,0,0,6,6,40,54,74.07,1,0,6,34.57
Son Heung-min,Tottenham,Premier League,Forward,2,76,0,0,7,7,43,57,75.44,1,0,6,35.15
Son Heung-min,Tottenham,Premier League,Forward,3,87,1,0,4,1,39,50,78.0,2,0,3,48.49
Son Heung-min,Tottenham,Premier League,Forward,4,77,0,0,4,3,22,36,61.11,2,0,4,32.84
Son Heung-min,Tottenham,Premier League,Forward,5,76,0,0,2,1,24,35,68.57,1,0,2,28.3
Son Heung-min,Tottenham,Premier League,Forward,6,77,0,0,2,2,29,48,60.42,2,0,6,33.5
Son Heung-min,Tottenham,Premier League,Forward,7,65,0,0,2,2,38,46,82.61,1,0,6,43.56
Son Heung-min,Tottenham,Premier League,Forward,8,65,0,1,6,1,20,30,66.67,0,1,6,44.56
Son Heung-min,Tottenham,Premier League,Forward,9,62,0,0,4,2,49,56,87.5,1,0,2,36.14
Son Heung-min,Tottenham,Premier League,Forward,10,74,0,1,7,6,38,53,71.7,1,0,3,39.73
Son Heung-min,Tottenham,Premier League,Forward,11,78,0,0,5,5,25,33,75.76,1,1,5,34.34
Son Heung-min,Tottenham,Premier League,Forward,12,72,0,0,7,5,49,64,76.56,2,0,5,38.18
Son Heung-min,Tottenham,Premier League,Forward,13,72,0,0,3,1,42,54,77.78,1,1,3,31.69
Son Heung-min,Tottenham,Premier League,Forward,14,89,1,0,4,3,43,62,69.35,1,0,4,44.84
Son Heung-min,Tottenham,Premier League,Forward,15,68,1,0,5,2,33,39,84.62,0,1,4,46.85
Son Heung-min,Tottenham,Premier League,Forward,16,64,1,0,2,1,33,40,82.5,1,0,6,52.99
Son Heung-min,Tottenham,Premier League,Forward,17,67,1,0,5,1,32,43,74.42,1,0,3,41.48
Robert Lewandowski,Barcelona,La Liga,Forward,0,73,0,0,2,1,36,45,80.0,0,0,3,31.89
Robert Lewandowski,Barcelona,La Liga,Forward,1,67,1,0,4,2,25,39,64.1,2,0,4,42.75
Robert Lewandowski,Barcelona,La Liga,Forward,2,86,1,0,4,4,48,59,81.36,1,0,2,43.16
Robert Lewandowski,Barcelona,La Liga,Forward,3,72,0,0,3,2,24,43,55.81,2,1,2,26.74
Robert Lewandowski,Barcelona,La Liga,Forward,4,90,1,0,6,5,34,41,82.93,0,1,4,40.46
Robert Lewandowski,Barcelona,La Liga,Forward,5,65,1,0,4,3,24,36,66.67,2,1,3,39.21
Robert Lewandowski,Barcelona,La Liga,Forward,6,71,1,1,7,2,44,60,73.33,0,0,5,46.11
Robert Lewandowski,Barcelona,La Liga,Forward,7,88,0,0,6,2,36,54,66.67,2,1,2,27.7
Robert Lewandowski,Barcelona,La Liga,Forward,8,74,2,0,7,7,44,53,83.02,0,0,4,55.53
Robert Lewandowski,Barcelona,La Liga,Forward,9,84,0,0,3,1,40,54,74.07,1,0,4,31.2
Robert Lewandowski,Barcelona,La Liga,Forward,10,83,0,0,2,2,30,43,69.77,2,1,4,39.81
Robert Lewandowski,Barcelona,La Liga,Forward,11,87,0,0,2,1,48,54,88.89,2,0,3,34.62
Robert Lewandowski,Barcelona,La Liga,Forward,12,66,2,0,7,6,47,52,90.38,2,0,2,59.95
Robert Lewandowski,Barcelona,La Liga,Forward,13,88,0,0,4,3,43,61,70.49,2,1,6,40.81
Robert Lewandowski,Barcelona,La Liga,Forward,14,63,0,0,3,2,41,46,89.13,0,1,4,41.57
Robert Lewandowski,Barcelona,La Liga,Forward,15,92,0,0,4,4,29,40,72.5,1,0,3,32.48
Robert Lewandowski,Barcelona,La Liga,Forward,16,62,0,0,4,3,48,55,87.27,1,0,6,44.0
Robert Lewandowski,Barcelona,La Liga,Forward,17,75,1,0,3,3,43,51,84.31,1,1,4,45.21
Robert Lewandowski,Barcelona,La Liga,Forward,18,78,0,0,2,1,40,48,83.33,2,1,6,39.8
Jude Bellingham,Real Madrid,La Liga,Midfielder,0,61,0,1,3,0,59,66,89.39,4,2,3,45.65
Jude Bellingham,Real Madrid,La Liga,Midfielder,1,81,0,0,2,0,73,89,82.02,2,4,3,42.92
Jude Bellingham,Real Madrid,La Liga,Midfielder,2,76,0,1,4,2,85,91,93.41,4,4,4,65.99
Jude Bellingham,Real Madrid,La Liga,Midfielder,3,93,0,0,3,1,43,54,79.63,3,2,1,39.07
Jude Bellingham,Real Madrid,La Liga,Midfielder,4,93,0,1,4,4,81,86,94.19,5,1,2,55.05
Jude Bellingham,Real Madrid,La Liga,Midfielder,5,86,0,0,2,0,66,78,84.62,2,3,2,30.65
Jude Bellingham,Real Madrid,La Liga,Midfielder,6,80,0,0,1,0,49,65,75.38,2,1,2,30.36
Jude Bellingham,Real Madrid,La Liga,Midfielder,7,80,0,1,1,0,75,90,83.33,4,2,1,49.86
Jude Bellingham,Real Madrid,La Liga,Midfielder,8,93,0,0,1,0,78,89,87.64,5,3,2,46.77
Jude Bellingham,Real Madrid,La Liga,Midfielder,9,76,0,0,4,3,58,76,76.32,4,4,3,47.7
Jude Bellingham,Real Madrid,La Liga,Midfielder,10,76,0,0,1,1,41,46,89.13,2,1,1,45.16
Jude Bellingham,Real Madrid,La Liga,Midfielder,11,89,0,0,3,1,76,86,88.37,5,4,3,50.54
Jude Bellingham,Real Madrid,La Liga,Midfielder,12,71,0,0,4,2,88,106,83.02,2,1,2,40.26
Jude Bellingham,Real Madrid,La Liga,Midfielder,13,85,0,0,4,0,57,70,81.43,2,4,3,43.0
Jude Bellingham,Real Madrid,La Liga,Midfielder,14,81,0,0,2,2,56,70,80.0,4,2,1,40.3
Jude Bellingham,Real Madrid,La Liga,Midfielder,15,89,0,0,4,1,62,70,88.57,2,2,3,39.24
Jude Bellingham,Real Madrid,La Liga,Midfielder,16,94,0,0,2,2,56,72,77.78,3,3,4,43.21
Jude Bellingham,Real Madrid,La Liga,Midfielder,17,84,0,0,3,3,88,105,83.81,5,1,2,48.98
Jude Bellingham,Real Madrid,La Liga,Midfielder,18,93,0,1,2,1,41,59,69.49,4,3,2,49.27
Antoine Griezmann,Atletico Madrid,La Liga,Forward,0,75,2,0,7,1,48,60,80.0,1,0,5,53.7
Antoine Griezmann,Atletico Madrid,La Liga,Forward,1,62,0,0,7,1,26,43,60.47,0,0,2,17.82
Antoine Griezmann,Atletico Madrid,La Liga,Forward,2,74,0,0,2,2,20,25,80.0,0,1,2,31.24
Antoine Griezmann,Atletico Madrid,La Liga,Forward,3,65,0,0,4,2,24,35,68.57,0,0,4,36.0
Antoine Griezmann,Atletico Madrid,La Liga,Forward,4,69,0,1,4,4,39,54,72.22,0,0,6,40.67
Antoine Griezmann,Atletico Madrid,La Liga,Forward,5,82,0,0,2,2,22,27,81.48,1,0,6,47.95
Antoine Griezmann,Atletico Madrid,La Liga,Forward,6,91,0,0,4,2,37,44,84.09,1,0,4,37.14
Antoine Griezmann,Atletico Madrid,La Liga,Forward,7,70,0,0,2,1,23,36,63.89,1,0,3,23.69
Antoine Griezmann,Atletico Madrid,La Liga,Forward,8,64,0,0,3,2,28,43,65.12,2,1,2,29.72
Antoine Griezmann,Atletico Madrid,La Liga,Forward,9,72,0,0,7,3,24,40,60.0,1,1,6,22.7
Antoine Griezmann,Atletico Madrid,La Liga,Forward,10,75,0,0,3,3,32,44,72.73,0,0,4,30.21
Antoine Griezmann,Atletico Madrid,La Liga,Forward,11,86,0,0,2,1,30,40,75.0,0,0,6,34.58
Antoine Griezmann,Atletico Madrid,La Liga,Forward,12,61,2,0,3,2,30,48,62.5,0,1,3,48.11
Antoine Griezmann,Atletico Madrid,La Liga,Forward,13,76,1,0,3,1,33,45,73.33,2,0,2,42.93
Antoine Griezmann,Atletico Madrid,La Liga,Forward,14,91,0,0,7,3,49,55,89.09,2,1,2,33.82
Antoine Griezmann,Atletico Madrid,La Liga,Forward,15,91,0,0,7,5,48,56,85.71,1,1,5,40.23
Antoine Griezmann,Atletico Madrid,La Liga,Forward,16,77,1,0,3,2,20,26,76.92,1,1,4,45.2
Raphinha,Barcelona,La Liga,Midfielder,0,66,1,1,4,2,74,91,81.32,5,1,4,66.59
Raphinha,Barcelona,La Liga,Midfielder,1,72,0,0,2,1,68,81,83.95,5,1,3,43.99
Raphinha,Barcelona,La Liga,Midfielder,2,79,0,0,1,0,71,81,87.65,3,3,2,42.59
Raphinha,Barcelona,La Liga,Midfielder,3,74,0,1,3,0,44,50,88.0,4,3,1,49.63
Raphinha,Barcelona,La Liga,Midfielder,4,75,0,0,1,1,51,66,77.27,3,3,4,47.21
Raphinha,Barcelona,La Liga,Midfielder,5,83,0,1,4,2,68,84,80.95,5,4,1,54.66
Raphinha,Barcelona,La Liga,Midfielder,6,79,0,0,3,0,69,77,89.61,3,3,1,35.92
Raphinha,Barcelona,La Liga,Midfielder,7,72,0,0,1,0,41,46,89.13,5,4,3,50.19
Raphinha,Barcelona,La Liga,Midfielder,8,91,0,0,4,1,85,100,85.0,4,3,2,46.11
Raphinha,Barcelona,La Liga,Midfielder,9,91,0,0,2,2,63,82,76.83,2,1,4,41.33
Raphinha,Barcelona,La Liga,Midfielder,10,92,0,0,4,0,49,55,89.09,5,4,2,50.8
Raphinha,Barcelona,La Liga,Midfielder,11,85,0,1,2,1,78,96,81.25,3,2,3,48.65
Raphinha,Barcelona,La Liga,Midfielder,12,62,0,1,2,2,83,98,84.69,2,4,3,54.09
Raphinha,Barcelona,La Liga,Midfielder,13,66,0,1,2,1,59,74,79.73,3,3,3,47.98
Raphinha,Barcelona,La Liga,Midfielder,14,73,0,0,2,1,65,80,81.25,4,3,3,47.33
Raphinha,Barcelona,La Liga,Midfielder,15,67,0,0,3,1,58,75,77.33,4,2,4,47.57
Raphinha,Barcelona,La Liga,Midfielder,16,81,0,0,3,3,57,66,86.36,3,2,3,42.03
Raphinha,Barcelona,La Liga,Midfielder,17,89,0,0,3,2,72,81,88.89,4,4,1,49.19
Raphinha,Barcelona,La Liga,Midfielder,18,79,0,0,4,4,43,59,72.88,5,4,2,43.18
Raphinha,Barcelona,La Liga,Midfielder,19,71,0,0,2,2,73,80,91.25,5,2,3,56.88
Vinicius Junior,Real Madrid,La Liga,Forward,0,73,0,0,2,1,45,63,71.43,1,0,3,22.6
Vinicius Junior,Real Madrid,La Liga,Forward,1,79,0,0,7,4,48,54,88.89,2,1,2,39.66
Vinicius Junior,Real Madrid,La Liga,Forward,2,64,0,0,2,1,47,66,71.21,1,0,6,40.01
Vinicius Junior,Real Madrid,La Liga,Forward,3,88,0,0,4,2,22,36,61.11,1,1,3,33.95
Vinicius Junior,Real Madrid,La Liga,Forward,4,79,1,0,6,4,27,43,62.79,2,1,2,40.21
Vinicius Junior,Real Madrid,La Liga,Forward,5,73,1,0,5,4,46,52,88.46,0,1,3,53.27
Vinicius Junior,Real Madrid,La Liga,Forward,6,64,0,0,3,1,20,25,80.0,2,0,6,36.9
Vinicius Junior,Real Madrid,La Liga,Forward,7,88,0,1,4,3,49,62,79.03,1,0,3,40.99
Vinicius Junior,Real Madrid,La Liga,Forward,8,75,0,0,4,2,42,48,87.5,1,1,6,43.59
Vinicius Junior,Real Madrid,La Liga,Forward,9,60,2,0,6,6,24,35,68.57,2,1,3,52.91
Vinicius Junior,Real Madrid,La Liga,Forward,10,71,2,0,7,2,37,52,71.15,0,1,2,48.37
Vinicius Junior,Real Madrid,La Liga,Forward,11,87,1,0,7,5,35,41,85.37,0,0,3,45.03
Vinicius Junior,Real Madrid,La Liga,Forward,12,68,2,0,2,1,28,37,75.68,0,1,6,61.04
Vinicius Junior,Real Madrid,La Liga,Forward,13,77,1,0,7,4,25,42,59.52,2,1,3,42.57
Vinicius Junior,Real Madrid,La Liga,Forward,14,80,1,0,4,1,43,62,69.35,1,1,2,43.07
Vinicius Junior,Real Madrid,La Liga,Forward,15,94,0,0,6,1,20,36,55.56,0,1,2,27.26
Vinicius Junior,Real Madrid,La Liga,Forward,16,62,0,0,7,6,29,38,76.32,1,1,2,34.36
Vinicius Junior,Real Madrid,La Liga,Forward,17,74,0,0,3,1,31,47,65.96,0,1,6,35.83
Vinicius Junior,Real Madrid,La Liga,Forward,18,80,0,0,7,6,37,48,77.08,2,0,6,43.16
Lautaro Martinez,Inter Milan,Serie A,Forward,0,93,1,0,4,3,34,52,65.38,0,0,4,38.89
Lautaro Martinez,Inter Milan,Serie A,Forward,1,67,0,0,5,3,48,62,77.42,2,1,4,42.77
Lautaro Martinez,Inter Milan,Serie A,Forward,2,69,0,0,2,2,30,41,73.17,2,0,5,40.77
Lautaro Martinez,Inter Milan,Serie A,Forward,3,79,0,0,2,2,48,56,85.71,1,1,5,43.65
Lautaro Martinez,Inter Milan,Serie A,Forward,4,85,0,0,7,6,40,53,75.47,1,1,2,27.1
Lautaro Martinez,Inter Milan,Serie A,Forward,5,63,1,0,2,1,29,35,82.86,0,1,4,47.44
Lautaro Martinez,Inter Milan,Serie A,Forward,6,64,1,0,4,4,29,48,60.42,0,0,3,39.0
Lautaro Martinez,Inter Milan,Serie A,Forward,7,74,0,0,2,1,40,47,85.11,0,1,6,41.92
Lautaro Martinez,Inter Milan,Serie A,Forward,8,66,0,0,6,1,49,58,84.48,0,1,4,40.81
Lautaro Martinez,Inter Milan,Serie A,Forward,9,78,1,0,6,1,36,44,81.82,2,0,5,48.59
Lautaro Martinez,Inter Milan,Serie A,Forward,10,65,0,0,6,1,23,36,63.89,2,0,2,31.89
Lautaro Martinez,Inter Milan,Serie A,Forward,11,91,1,0,5,2,47,56,83.93,0,1,4,47.07
Lautaro Martinez,Inter Milan,Serie A,Forward,12,61,1,0,3,3,41,51,80.39,1,1,5,45.95
Lautaro Martinez,Inter Milan,Serie A,Forward,13,64,0,0,7,4,27,44,61.36,1,1,3,33.7
Lautaro Martinez,Inter Milan,Serie A,Forward,14,67,0,0,7,1,42,50,84.0,0,1,5,37.5
Lautaro Martinez,Inter Milan,Serie A,Forward,15,60,0,0,5,3,27,40,67.5,1,0,5,30.8
Lautaro Martinez,Inter Milan,Serie A,Forward,16,73,0,0,2,1,35,43,81.4,1,1,3,36.24
Lautaro Martinez,Inter Milan,Serie A,Forward,17,68,0,0,3,1,40,45,88.89,1,0,2,30.79
Lautaro Martinez,Inter Milan,Serie A,Forward,18,71,0,0,7,3,41,60,68.33,2,0,5,29.34
Victor Osimhen,Napoli,Serie A,Forward,0,75,0,0,4,2,43,54,79.63,1,1,4,34.87
Victor Osimhen,Napoli,Serie A,Forward,1,69,0,0,3,3,37,50,74.0,1,1,3,34.99
Victor Osimhen,Napoli,Serie A,Forward,2,62,0,0,2,2,33,40,82.5,0,1,6,37.55
Victor Osimhen,Napoli,Serie A,Forward,3,91,0,0,3,1,34,50,68.0,0,1,5,30.65
Victor Osimhen,Napoli,Serie A,Forward,4,61,0,0,3,1,47,63,74.6,2,1,6,35.11
Victor Osimhen,Napoli,Serie A,Forward,5,90,0,0,2,2,49,61,80.33,2,1,6,39.41
Victor Osimhen,Napoli,Serie A,Forward,6,66,0,0,2,1,40,56,71.43,0,1,4,36.49
Victor Osimhen,Napoli,Serie A,Forward,7,94,0,0,5,4,48,59,81.36,1,0,3,38.95
Victor Osimhen,Napoli,Serie A,Forward,8,86,0,0,6,5,41,50,82.0,0,1,3,33.63
Victor Osimhen,Napoli,Serie A,Forward,9,77,0,0,6,2,37,46,80.43,0,0,6,35.97
Victor Osimhen,Napoli,Serie A,Forward,10,85,2,0,4,1,47,65,72.31,2,0,6,54.61
Victor Osimhen,Napoli,Serie A,Forward,11,80,1,0,2,1,39,53,73.58,0,1,3,38.42
Victor Osimhen,Napoli,Serie A,Forward,12,88,1,1,2,2,28,33,84.85,0,0,3,51.69
Victor Osimhen,Napoli,Serie A,Forward,13,82,1,0,4,2,27,39,69.23,0,0,2,39.03
Victor Osimhen,Napoli,Serie A,Forward,14,67,1,0,5,1,42,55,76.36,0,1,6,47.29
Rafael Leao,AC Milan,Serie A,Forward,0,70,0,0,6,4,40,48,83.33,1,0,5,41.52
Rafael Leao,AC Milan,Serie A,Forward,1,89,1,0,5,3,30,40,75.0,1,0,6,44.15
Rafael Leao,AC Milan,Serie A,Forward,2,74,0,0,5,1,27,33,81.82,0,0,3,32.68
Rafael Leao,AC Milan,Serie A,Forward,3,69,0,0,5,1,28,37,75.68,0,1,3,29.98
Rafael Leao,AC Milan,Serie A,Forward,4,77,0,0,5,2,30,41,73.17,1,0,2,25.75
Rafael Leao,AC Milan,Serie A,Forward,5,89,0,0,7,4,45,53,84.91,0,1,5,37.17
Rafael Leao,AC Milan,Serie A,Forward,6,71,1,0,4,2,49,62,79.03,2,0,2,42.38
Rafael Leao,AC Milan,Serie A,Forward,7,91,0,0,7,5,49,64,76.56,1,1,5,41.41
Rafael Leao,AC Milan,Serie A,Forward,8,86,0,0,6,2,21,27,77.78,0,0,5,30.1
Rafael Leao,AC Milan,Serie A,Forward,9,92,0,0,5,5,41,53,77.36,2,0,6,38.63
Rafael Leao,AC Milan,Serie A,Forward,10,75,0,0,5,1,24,36,66.67,2,1,3,32.23
Rafael Leao,AC Milan,Serie A,Forward,11,93,0,0,2,2,27,42,64.29,2,1,3,38.09
Rafael Leao,AC Milan,Serie A,Forward,12,81,1,0,3,1,35,49,71.43,0,0,5,38.02
Rafael Leao,AC Milan,Serie A,Forward,13,79,1,0,2,2,33,48,68.75,0,1,6,48.53
Rafael Leao,AC Milan,Serie A,Forward,14,85,0,0,3,3,48,57,84.21,1,1,4,41.69
Rafael Leao,AC Milan,Serie A,Forward,15,79,1,0,6,2,25,30,83.33,1,1,5,46.51
Rafael Leao,AC Milan,Serie A,Forward,16,89,1,0,3,3,39,45,86.67,1,1,3,57.17
Khvicha Kvaratskhelia,Napoli,Serie A,Midfielder,0,71,0,1,1,0,85,103,82.52,4,2,4,50.0
Khvicha Kvaratskhelia,Napoli,Serie A,Midfielder,1,87,0,0,1,0,72,87,82.76,3,3,4,46.75
Khvicha Kvaratskhelia,Napoli,Serie A,Midfielder,2,79,0,0,2,0,72,91,79.12,2,2,4,37.06
Khvicha Kvaratskhelia,Napoli,Serie A,Midfielder,3,69,0,0,1,1,55,61,90.16,2,1,4,41.17
Khvicha Kvaratskhelia,Napoli,Serie A,Midfielder,4,78,0,0,2,1,84,98,85.71,3,1,3,39.48
Khvicha Kvaratskhelia,Napoli,Serie A,Midfielder,5,65,0,0,4,0,60,74,81.08,3,4,1,41.41
Khvicha Kvaratskhelia,Napoli,Serie A,Midfielder,6,65,0,0,2,2,40,53,75.47,5,1,4,46.71
Khvicha Kvaratskhelia,Napoli,Serie A,Midfielder,7,89,0,0,4,0,75,85,88.24,2,2,4,37.18
Khvicha Kvaratskhelia,Napoli,Serie A,Midfielder,8,84,0,0,4,1,55,72,76.39,5,2,3,40.51
Khvicha Kvaratskhelia,Napoli,Serie A,Midfielder,9,92,0,0,2,1,82,97,84.54,2,1,4,38.41
Khvicha Kvaratskhelia,Napoli,Serie A,Midfielder,10,66,0,1,2,2,59,68,86.76,5,3,4,59.7
Khvicha Kvaratskhelia,Napoli,Serie A,Midfielder,11,85,0,0,2,0,57,66,86.36,2,3,3,38.6
Khvicha Kvaratskhelia,Napoli,Serie A,Midfielder,12,92,0,0,1,0,51,57,89.47,2,1,1,32.52
Khvicha Kvaratskhelia,Napoli,Serie A,Midfielder,13,87,0,0,1,0,63,77,81.82,2,1,2,38.43
Khvicha Kvaratskhelia,Napoli,Serie A,Midfielder,14,93,0,0,1,0,73,78,93.59,3,2,2,37.79
Khvicha Kvaratskhelia,Napoli,Serie A,Midfielder,15,81,0,0,2,1,55,71,77.46,5,3,1,42.59
Khvicha Kvaratskhelia,Napoli,Serie A,Midfielder,16,91,0,0,4,2,49,60,81.67,4,4,3,47.89
Dusan Vlahovic,Juventus,Serie A,Forward,0,87,1,0,6,6,39,53,73.58,1,0,6,51.27
Dusan Vlahovic,Juventus,Serie A,Forward,1,94,0,0,7,3,27,37,72.97,0,1,5,31.12
Dusan Vlahovic,Juventus,Serie A,Forward,2,87,0,0,6,3,30,43,69.77,1,1,5,28.54
Dusan Vlahovic,Juventus,Serie A,Forward,3,79,0,0,2,1,34,44,77.27,1,1,3,32.25
Dusan Vlahovic,Juventus,Serie A,Forward,4,60,1,1,3,3,27,38,71.05,1,0,5,55.91
Dusan Vlahovic,Juventus,Serie A,Forward,5,91,0,0,5,3,24,37,64.86,1,1,4,32.53
Dusan Vlahovic,Juventus,Serie A,Forward,6,87,2,0,6,5,49,59,83.05,0,1,5,62.82
Dusan Vlahovic,Juventus,Serie A,Forward,7,84,2,0,4,1,44,52,84.62,2,0,5,55.72
Dusan Vlahovic,Juventus,Serie A,Forward,8,68,1,0,3,2,38,47,80.85,0,0,3,43.88
Dusan Vlahovic,Juventus,Serie A,Forward,9,87,0,0,5,4,49,61,80.33,1,1,6,41.83
Dusan Vlahovic,Juventus,Serie A,Forward,10,82,0,1,4,3,37,47,78.72,1,0,2,37.99
Dusan Vlahovic,Juventus,Serie A,Forward,11,75,1,0,7,7,46,52,88.46,2,0,5,56.62
Dusan Vlahovic,Juventus,Serie A,Forward,12,63,0,0,2,2,47,61,77.05,0,1,4,32.75
Dusan Vlahovic,Juventus,Serie A,Forward,13,73,0,0,6,3,44,52,84.62,0,0,5,36.44
Dusan Vlahovic,Juventus,Serie A,Forward,14,82,1,0,3,3,20,35,57.14,1,0,4,41.61
Dusan Vlahovic,Juventus,Serie A,Forward,15,78,0,0,7,6,23,41,56.1,0,1,4,28.82
Dusan Vlahovic,Juventus,Serie A,Forward,16,78,0,0,7,2,25,43,58.14,2,1,2,32.11
Dusan Vlahovic,Juventus,Serie A,Forward,17,78,1,0,2,2,39,58,67.24,0,0,2,33.76
Harry Kane,Bayern Munich,Bundesliga,Forward,0,94,0,0,7,1,20,33,60.61,0,1,4,26.11
Harry Kane,Bayern Munich,Bundesliga,Forward,1,81,0,0,5,3,23,36,63.89,1,0,6,36.88
Harry Kane,Bayern Munich,Bundesliga,Forward,2,64,0,0,4,4,33,41,80.49,1,0,6,40.49
Harry Kane,Bayern Munich,Bundesliga,Forward,3,94,0,0,6,5,28,33,84.85,0,0,5,33.76
Harry Kane,Bayern Munich,Bundesliga,Forward,4,88,0,0,7,5,38,45,84.44,1,1,2,35.57
Harry Kane,Bayern Munich,Bundesliga,Forward,5,61,0,0,5,4,41,53,77.36,0,0,5,39.14
Harry Kane,Bayern Munich,Bundesliga,Forward,6,71,0,0,7,6,44,54,81.48,1,0,6,41.56
Harry Kane,Bayern Munich,Bundesliga,Forward,7,94,0,0,5,2,20,32,62.5,0,0,6,22.2
Harry Kane,Bayern Munich,Bundesliga,Forward,8,79,0,0,6,6,36,52,69.23,1,0,4,29.42
Harry Kane,Bayern Munich,Bundesliga,Forward,9,68,0,0,6,1,49,61,80.33,1,0,2,30.57
Harry Kane,Bayern Munich,Bundesliga,Forward,10,70,0,0,2,1,32,49,65.31,2,1,4,31.84
Harry Kane,Bayern Munich,Bundesliga,Forward,11,71,1,0,5,3,31,48,64.58,0,0,6,44.14
Harry Kane,Bayern Munich,Bundesliga,Forward,12,82,2,0,2,1,33,38,86.84,2,1,6,61.93
Harry Kane,Bayern Munich,Bundesliga,Forward,13,78,1,0,3,2,20,39,51.28,2,1,3,43.78
Harry Kane,Bayern Munich,Bundesliga,Forward,14,69,0,0,2,1,21,27,77.78,2,0,2,31.36
Harry Kane,Bayern Munich,Bundesliga,Forward,15,87,1,0,7,2,38,45,84.44,1,0,2,39.92
Harry Kane,Bayern Munich,Bundesliga,Forward,16,94,1,0,7,2,36,51,70.59,0,1,5,43.19
Harry Kane,Bayern Munich,Bundesliga,Forward,17,82,0,0,3,1,40,52,76.92,1,0,2,32.65
Harry Kane,Bayern Munich,Bundesliga,Forward,18,89,1,0,4,1,42,58,72.41,0,0,3,38.76
Jamal Musiala,Bayern Munich,Bundesliga,Midfielder,0,70,0,1,4,3,54,68,79.41,2,3,3,48.26
Jamal Musiala,Bayern Munich,Bundesliga,Midfielder,1,60,0,0,2,0,46,51,90.2,5,1,4,44.83
Jamal Musiala,Bayern Munich,Bundesliga,Midfielder,2,90,0,0,2,1,67,82,81.71,4,3,3,40.46
Jamal Musiala,Bayern Munich,Bundesliga,Midfielder,3,64,0,0,2,1,40,58,68.97,4,4,1,38.27
Jamal Musiala,Bayern Munich,Bundesliga,Midfielder,4,86,0,0,3,0,43,57,75.44,3,3,2,32.81
Jamal Musiala,Bayern Munich,Bundesliga,Midfielder,5,94,0,0,2,0,76,87,87.36,3,4,1,39.01
Jamal Musiala,Bayern Munich,Bundesliga,Midfielder,6,76,0,1,1,0,68,85,80.0,2,3,3,45.45
Jamal Musiala,Bayern Munich,Bundesliga,Midfielder,7,93,0,0,1,0,62,79,78.48,4,3,2,41.74
Jamal Musiala,Bayern Munich,Bundesliga,Midfielder,8,63,0,0,2,2,83,90,92.22,2,4,3,50.05
Jamal Musiala,Bayern Munich,Bundesliga,Midfielder,9,94,1,0,2,2,75,91,82.42,4,1,1,47.68
Jamal Musiala,Bayern Munich,Bundesliga,Midfielder,10,67,0,0,4,1,58,74,78.38,2,3,1,37.63
Jamal Musiala,Bayern Munich,Bundesliga,Midfielder,11,71,0,0,3,0,73,83,87.95,4,2,1,42.17
Jamal Musiala,Bayern Munich,Bundesliga,Midfielder,12,71,0,0,4,4,56,66,84.85,5,4,1,49.58
Jamal Musiala,Bayern Munich,Bundesliga,Midfielder,13,83,1,0,4,1,75,86,87.21,3,3,1,47.4
Jamal Musiala,Bayern Munich,Bundesliga,Midfielder,14,73,0,0,1,0,89,104,85.58,2,3,1,40.75
Jamal Musiala,Bayern Munich,Bundesliga,Midfielder,15,76,0,0,1,0,87,92,94.57,4,1,4,43.36
Jamal Musiala,Bayern Munich,Bundesliga,Midfielder,16,72,0,1,3,2,77,96,80.21,4,3,1,51.86
Jamal Musiala,Bayern Munich,Bundesliga,Midfielder,17,80,0,0,1,1,82,98,83.67,4,2,2,45.69
Florian Wirtz,Bayer Leverkusen,Bundesliga,Midfielder,0,67,0,0,2,0,69,83,83.13,4,3,3,41.83
Florian Wirtz,Bayer Leverkusen,Bundesliga,Midfielder,1,67,0,0,1,0,40,49,81.63,4,1,1,38.56
Florian Wirtz,Bayer Leverkusen,Bundesliga,Midfielder,2,82,0,1,1,1,74,87,85.06,3,3,4,52.64
Florian Wirtz,Bayer Leverkusen,Bundesliga,Midfielder,3,72,0,0,3,2,47,64,73.44,4,2,4,46.29
Florian Wirtz,Bayer Leverkusen,Bundesliga,Midfielder,4,76,0,0,3,2,77,88,87.5,5,2,4,48.16
Florian Wirtz,Bayer Leverkusen,Bundesliga,Midfielder,5,62,0,0,2,0,86,98,87.76,4,4,2,47.21
Florian Wirtz,Bayer Leverkusen,Bundesliga,Midfielder,6,60,0,0,3,2,68,73,93.15,4,1,3,46.02
Florian Wirtz,Bayer Leverkusen,Bundesliga,Midfielder,7,82,0,0,1,0,61,79,77.22,4,1,3,37.73
Florian Wirtz,Bayer Leverkusen,Bundesliga,Midfielder,8,83,0,1,2,1,53,72,73.61,3,4,2,51.76
Florian Wirtz,Bayer Leverkusen,Bundesliga,Midfielder,9,93,0,0,2,2,70,89,78.65,3,2,2,49.87
Florian Wirtz,Bayer Leverkusen,Bundesliga,Midfielder,10,85,0,0,3,0,70,76,92.11,2,2,1,40.0
Florian Wirtz,Bayer Leverkusen,Bundesliga,Midfielder,11,88,0,1,1,1,44,60,73.33,5,1,4,48.9
Florian Wirtz,Bayer Leverkusen,Bundesliga,Midfielder,12,77,0,0,3,0,66,85,77.65,3,4,4,42.96
Florian Wirtz,Bayer Leverkusen,Bundesliga,Midfielder,13,88,0,1,3,0,56,61,91.8,3,3,2,51.46
Florian Wirtz,Bayer Leverkusen,Bundesliga,Midfielder,14,72,0,1,3,1,86,95,90.53,4,1,1,47.59
Florian Wirtz,Bayer Leverkusen,Bundesliga,Midfielder,15,87,0,0,3,2,51,64,79.69,2,2,1,37.33
Serhou Guirassy,Borussia Dortmund,Bundesliga,Forward,0,72,0,0,7,3,31,37,83.78,0,1,2,25.78
Serhou Guirassy,Borussia Dortmund,Bundesliga,Forward,1,82,1,0,7,3,41,58,70.69,1,0,5,46.87
Serhou Guirassy,Borussia Dortmund,Bundesliga,Forward,2,80,0,0,5,2,22,38,57.89,1,1,5,28.17
Serhou Guirassy,Borussia Dortmund,Bundesliga,Forward,3,69,1,0,4,1,44,62,70.97,0,1,3,40.96
Serhou Guirassy,Borussia Dortmund,Bundesliga,Forward,4,84,0,1,3,2,36,43,83.72,1,1,4,47.79
Serhou Guirassy,Borussia Dortmund,Bundesliga,Forward,5,60,0,0,4,1,23,31,74.19,1,1,3,24.78
Serhou Guirassy,Borussia Dortmund,Bundesliga,Forward,6,89,0,0,2,2,47,60,78.33,1,1,4,37.44
Serhou Guirassy,Borussia Dortmund,Bundesliga,Forward,7,71,0,0,2,1,45,60,75.0,2,1,2,32.28
Serhou Guirassy,Borussia Dortmund,Bundesliga,Forward,8,82,1,0,5,3,28,41,68.29,2,1,2,39.68
Serhou Guirassy,Borussia Dortmund,Bundesliga,Forward,9,72,0,0,6,1,48,67,71.64,1,1,5,31.83
Serhou Guirassy,Borussia Dortmund,Bundesliga,Forward,10,91,0,0,5,2,27,35,77.14,0,0,6,35.75
Serhou Guirassy,Borussia Dortmund,Bundesliga,Forward,11,85,0,0,4,2,31,44,70.45,2,1,2,32.79
Serhou Guirassy,Borussia Dortmund,Bundesliga,Forward,12,70,1,0,4,1,40,55,72.73,2,0,5,48.3
Serhou Guirassy,Borussia Dortmund,Bundesliga,Forward,13,79,0,0,7,2,45,53,84.91,0,1,6,35.2
Serhou Guirassy,Borussia Dortmund,Bundesliga,Forward,14,80,0,0,2,2,25,43,58.14,2,1,6,36.87
Serhou Guirassy,Borussia Dortmund,Bundesliga,Forward,15,89,1,0,3,2,32,42,76.19,2,1,4,47.12
Serhou Guirassy,Borussia Dortmund,Bundesliga,Forward,16,72,0,0,4,4,20,26,76.92,0,1,4,34.79
Leroy Sane,Bayern Munich,Bundesliga,Midfielder,0,70,0,0,4,2,65,74,87.84,3,1,4,44.62
Leroy Sane,Bayern Munich,Bundesliga,Midfielder,1,88,0,0,3,1,57,72,79.17,3,2,4,45.5
Leroy Sane,Bayern Munich,Bundesliga,Midfielder,2,89,0,1,2,2,47,55,85.45,2,2,4,48.65
Leroy Sane,Bayern Munich,Bundesliga,Midfielder,3,88,0,0,3,0,59,69,85.51,5,2,2,46.07
Leroy Sane,Bayern Munich,Bundesliga,Midfielder,4,61,0,0,4,1,82,93,88.17,2,4,2,43.75
Leroy Sane,Bayern Munich,Bundesliga,Midfielder,5,69,0,0,1,0,68,76,89.47,4,4,1,42.07
Leroy Sane,Bayern Munich,Bundesliga,Midfielder,6,79,0,1,4,0,68,76,89.47,4,1,3,43.64
Leroy Sane,Bayern Munich,Bundesliga,Midfielder,7,77,0,1,1,0,66,83,79.52,3,2,1,43.57
Leroy Sane,Bayern Munich,Bundesliga,Midfielder,8,82,0,0,2,0,65,79,82.28,2,4,4,37.94
Leroy Sane,Bayern Munich,Bundesliga,Midfielder,9,88,0,0,1,1,40,48,83.33,2,2,2,36.38
Leroy Sane,Bayern Munich,Bundesliga,Midfielder,10,66,0,0,2,2,58,72,80.56,2,4,3,51.62
Leroy Sane,Bayern Munich,Bundesliga,Midfielder,11,88,0,0,4,1,59,71,83.1,4,2,4,42.53
Leroy Sane,Bayern Munich,Bundesliga,Midfielder,12,60,0,0,1,0,43,50,86.0,3,3,3,39.22
Leroy Sane,Bayern Munich,Bundesliga,Midfielder,13,83,0,1,3,0,75,89,84.27,3,1,4,46.47
Leroy Sane,Bayern Munich,Bundesliga,Midfielder,14,65,0,0,4,4,44,53,83.02,4,2,1,47.34
Leroy Sane,Bayern Munich,Bundesliga,Midfielder,15,81,0,0,3,1,60,79,75.95,2,4,3,39.17
Leroy Sane,Bayern Munich,Bundesliga,Midfielder,16,89,0,0,1,0,52,70,74.29,4,2,2,34.39
Leroy Sane,Bayern Munich,Bundesliga,Midfielder,17,75,0,0,3,1,87,99,87.88,4,3,2,45.79
Leroy Sane,Bayern Munich,Bundesliga,Midfielder,18,93,0,0,3,2,81,100,81.0,3,4,3,50.84
Leroy Sane,Bayern Munich,Bundesliga,Midfielder,19,84,0,0,4,1,61,76,80.26,2,1,4,36.18
