player_name,team,position,nationality,league,match_id,minutes_played,goals,assists,shots,shots_on_target,passes_completed,total_passes,pass_accuracy,key_passes,tackles,interceptions,dribbles_completed,fouls_committed,performance_rating
Erling Haaland,Manchester City,FW,Norway,Premier League,1,93,1,0,6,5,26,35,74.29,1,2,0,4,2,47.28
Erling Haaland,Manchester City,FW,Norway,Premier League,2,81,0,1,5,2,47,60,78.33,0,0,1,3,1,35.99
Erling Haaland,Manchester City,FW,Norway,Premier League,3,89,0,0,3,3,49,62,79.03,1,2,1,4,2,36.42
Erling Haaland,Manchester City,FW,Norway,Premier League,4,90,0,0,5,1,47,53,88.68,1,1,1,2,1,29.02
Erling Haaland,Manchester City,FW,Norway,Premier League,5,77,1,0,5,5,27,35,77.14,2,2,1,2,1,45.81
Erling Haaland,Manchester City,FW,Norway,Premier League,6,85,0,0,3,2,31,50,62.0,1,1,1,5,1,23.95
Erling Haaland,Manchester City,FW,Norway,Premier League,7,94,0,0,2,2,27,43,62.79,0,0,1,6,1,24.87
Erling Haaland,Manchester City,FW,Norway,Premier League,8,86,0,0,2,1,28,40,70.0,3,0,1,4,2,34.46
Erling Haaland,Manchester City,FW,Norway,Premier League,9,70,1,0,6,2,26,37,70.27,1,0,1,2,1,31.82
Erling Haaland,Manchester City,FW,Norway,Premier League,10,70,1,0,4,3,20,29,68.97,2,0,0,7,2,39.8
Erling Haaland,Manchester City,FW,Norway,Premier League,11,88,0,0,4,1,34,53,64.15,2,1,1,5,0,30.11
Erling Haaland,Manchester City,FW,Norway,Premier League,12,88,0,0,6,5,34,44,77.27,2,0,1,6,2,39.07
Erling Haaland,Manchester City,FW,Norway,Premier League,13,92,1,0,7,1,40,56,71.43,1,1,1,4,1,40.54
Erling Haaland,Manchester City,FW,Norway,Premier League,14,78,0,0,2,2,32,50,64.0,0,2,0,7,2,31.63
Erling Haaland,Manchester City,FW,Norway,Premier League,15,86,0,0,5,3,41,55,74.55,3,0,1,2,1,25.78
Erling Haaland,Manchester City,FW,Norway,Premier League,16,70,0,0,2,2,21,28,75.0,3,1,0,6,0,38.37
Erling Haaland,Manchester City,FW,Norway,Premier League,17,75,1,0,3,2,42,54,77.78,3,2,0,4,0,47.65
Erling Haaland,Manchester City,FW,Norway,Premier League,18,89,0,0,2,1,47,63,74.6,2,1,1,6,2,35.29
Erling Haaland,Manchester City,FW,Norway,Premier League,19,77,1,0,4,3,38,49,77.55,3,2,1,2,0,43.69
Erling Haaland,Manchester City,FW,Norway,Premier League,20,71,1,0,4,3,47,52,90.38,3,1,1,2,0,46.78
Kevin De Bruyne,Manchester City,MF,Belgium,Premier League,1,89,0,1,3,2,53,65,81.54,1,4,4,4,2,52.28
Kevin De Bruyne,Manchester City,MF,Belgium,Premier League,2,72,0,1,4,1,84,97,86.6,4,4,5,2,0,53.12
Kevin De Bruyne,Manchester City,MF,Belgium,Premier League,3,73,0,0,2,1,79,84,94.05,4,6,2,4,0,46.82
Kevin De Bruyne,Manchester City,MF,Belgium,Premier League,4,92,0,0,3,0,77,87,88.51,4,5,4,3,1,47.15
Kevin De Bruyne,Manchester City,MF,Belgium,Premier League,5,70,0,1,1,0,52,68,76.47,3,4,3,1,1,46.37
Kevin De Bruyne,Manchester City,MF,Belgium,Premier League,6,83,0,0,4,2,93,102,91.18,4,2,5,4,1,49.78
Kevin De Bruyne,Manchester City,MF,Belgium,Premier League,7,89,0,0,1,1,73,92,79.35,1,6,4,3,0,42.59
Kevin De Bruyne,Manchester City,MF,Belgium,Premier League,8,93,0,0,2,0,86,92,93.48,3,3,4,4,1,42.88
Kevin De Bruyne,Manchester City,MF,Belgium,Premier League,9,78,0,1,2,2,71,86,82.56,2,3,3,1,0,48.19
Kevin De Bruyne,Manchester City,MF,Belgium,Premier League,10,73,0,0,2,0,68,85,80.0,1,5,3,3,0,42.94
Kevin De Bruyne,Manchester City,MF,Belgium,Premier League,11,91,0,0,2,1,56,63,88.89,3,5,3,2,2,52.07
Kevin De Bruyne,Manchester City,MF,Belgium,Premier League,12,77,0,0,2,0,86,95,90.53,2,4,5,1,0,35.73
Kevin De Bruyne,Manchester City,MF,Belgium,Premier League,13,92,0,1,3,3,50,62,80.65,1,5,3,3,2,43.69
Kevin De Bruyne,Manchester City,MF,Belgium,Premier League,14,78,0,0,4,1,70,86,81.4,1,3,2,2,2,34.06
Kevin De Bruyne,Manchester City,MF,Belgium,Premier League,15,70,0,0,1,0,78,95,82.11,4,2,5,1,0,41.36
Kevin De Bruyne,Manchester City,MF,Belgium,Premier League,16,83,0,0,4,1,60,76,78.95,3,6,3,1,0,46.64
Kevin De Bruyne,Manchester City,MF,Belgium,Premier League,17,76,0,0,2,1,49,57,85.96,4,3,3,4,0,45.03
Kevin De Bruyne,Manchester City,MF,Belgium,Premier League,18,70,0,0,1,1,78,90,86.67,4,3,3,3,1,43.52
Kevin De Bruyne,Manchester City,MF,Belgium,Premier League,19,89,0,0,4,3,46,58,79.31,1,5,5,4,2,47.62
Phil Foden,Manchester City,MF,England,Premier League,1,81,0,0,1,1,47,64,73.44,1,2,5,2,2,43.69
Phil Foden,Manchester City,MF,England,Premier League,2,79,0,0,2,0,94,108,87.04,3,2,3,4,0,36.34
Phil Foden,Manchester City,MF,England,Premier League,3,94,0,0,2,0,55,63,87.3,1,5,2,1,0,33.05
Phil Foden,Manchester City,MF,England,Premier League,4,93,0,0,4,2,93,104,89.42,3,5,3,1,2,48.71
Phil Foden,Manchester City,MF,England,Premier League,5,88,0,0,1,0,64,69,92.75,4,2,3,1,2,38.57
Phil Foden,Manchester City,MF,England,Premier League,6,84,0,1,3,3,53,62,85.48,3,5,3,3,2,55.58
Phil Foden,Manchester City,MF,England,Premier League,7,76,0,0,1,0,60,78,76.92,1,6,2,2,1,33.22
Phil Foden,Manchester City,MF,England,Premier League,8,79,0,0,3,0,87,101,86.14,3,3,4,4,0,40.37
Phil Foden,Manchester City,MF,England,Premier League,9,74,0,0,2,0,94,104,90.38,3,3,3,1,0,39.53
Phil Foden,Manchester City,MF,England,Premier League,10,88,1,0,1,1,61,78,78.21,3,2,2,4,1,55.79
Phil Foden,Manchester City,MF,England,Premier League,11,89,0,0,2,2,89,105,84.76,1,3,5,2,1,39.95
Phil Foden,Manchester City,MF,England,Premier League,12,86,0,1,3,0,47,60,78.33,1,5,3,1,2,40.75
Phil Foden,Manchester City,MF,England,Premier League,13,73,0,0,4,0,91,98,92.86,1,6,4,4,0,46.39
Phil Foden,Manchester City,MF,England,Premier League,14,72,0,0,3,0,93,104,89.42,2,2,2,2,1,41.33
Phil Foden,Manchester City,MF,England,Premier League,15,91,0,0,2,1,94,113,83.19,4,5,2,1,2,40.57
Phil Foden,Manchester City,MF,England,Premier League,16,75,0,0,4,0,72,78,92.31,4,6,2,2,2,50.53
Phil Foden,Manchester City,MF,England,Premier League,17,84,0,0,2,1,89,94,94.68,1,2,3,1,1,31.68
Phil Foden,Manchester City,MF,England,Premier League,18,72,0,0,1,1,71,90,78.89,1,6,2,2,0,40.8
Bernardo Silva,Manchester City,MF,Portugal,Premier League,1,79,0,0,1,1,47,54,87.04,1,6,2,1,1,41.79
Bernardo Silva,Manchester City,MF,Portugal,Premier League,2,77,0,0,2,0,89,95,93.68,1,5,3,1,0,36.14
Bernardo Silva,Manchester City,MF,Portugal,Premier League,3,94,0,0,2,2,94,99,94.95,4,2,3,4,0,48.13
Bernardo Silva,Manchester City,MF,Portugal,Premier League,4,75,0,0,3,0,65,81,80.25,2,3,4,3,2,38.32
Bernardo Silva,Manchester City,MF,Portugal,Premier League,5,92,0,0,3,2,78,92,84.78,4,2,3,1,2,41.95
Bernardo Silva,Manchester City,MF,Portugal,Premier League,6,71,0,1,4,1,61,71,85.92,2,2,5,4,0,42.83
Bernardo Silva,Manchester City,MF,Portugal,Premier League,7,72,0,0,3,2,67,74,90.54,3,4,3,4,0,47.0
Bernardo Silva,Manchester City,MF,Portugal,Premier League,8,91,0,1,1,1,63,72,87.5,1,6,3,4,1,59.22
Bernardo Silva,Manchester City,MF,Portugal,Premier League,9,84,0,1,1,1,70,83,84.34,1,4,2,2,0,53.63
Bernardo Silva,Manchester City,MF,Portugal,Premier League,10,77,0,0,3,2,92,97,94.85,1,2,3,4,0,41.88
Bernardo Silva,Manchester City,MF,Portugal,Premier League,11,93,0,1,2,1,72,79,91.14,3,3,2,2,1,48.29
Bernardo Silva,Manchester City,MF,Portugal,Premier League,12,72,0,1,2,2,91,98,92.86,4,6,3,2,1,56.68
Bernardo Silva,Manchester City,MF,Portugal,Premier League,13,86,0,0,1,0,83,100,83.0,2,3,3,4,0,35.84
Bernardo Silva,Manchester City,MF,Portugal,Premier League,14,84,0,0,3,0,89,101,88.12,2,5,4,2,1,46.37
Bernardo Silva,Manchester City,MF,Portugal,Premier League,15,94,0,0,4,1,78,83,93.98,3,4,2,2,0,48.1
Bernardo Silva,Manchester City,MF,Portugal,Premier League,16,93,0,0,2,2,92,103,89.32,4,4,3,2,1,50.62
Bernardo Silva,Manchester City,MF,Portugal,Premier League,17,82,0,1,2,1,46,62,74.19,3,4,5,2,2,50.38
Bernardo Silva,Manchester City,MF,Portugal,Premier League,18,70,0,1,4,2,64,78,82.05,1,5,2,4,2,46.67
Bernardo Silva,Manchester City,MF,Portugal,Premier League,19,92,0,1,1,0,47,61,77.05,1,3,5,2,0,43.08
Mohamed Salah,Liverpool,FW,Egypt,Premier League,1,93,0,0,2,1,24,34,70.59,0,0,0,4,2,19.64
Mohamed Salah,Liverpool,FW,Egypt,Premier League,2,72,1,0,5,2,33,38,86.84,0,2,0,3,2,37.21
Mohamed Salah,Liverpool,FW,Egypt,Premier League,3,90,1,0,6,3,28,37,75.68,0,1,1,7,2,44.45
Mohamed Salah,Liverpool,FW,Egypt,Premier League,4,75,0,0,6,2,44,49,89.8,1,2,1,7,2,42.12
Mohamed Salah,Liverpool,FW,Egypt,Premier League,5,77,1,0,2,1,20,32,62.5,2,2,1,7,0,42.37
Mohamed Salah,Liverpool,FW,Egypt,Premier League,6,73,1,0,3,3,34,51,66.67,0,0,1,7,2,42.43
Mohamed Salah,Liverpool,FW,Egypt,Premier League,7,79,0,0,6,3,42,51,82.35,0,1,1,7,1,33.45
Mohamed Salah,Liverpool,FW,Egypt,Premier League,8,84,1,0,5,5,43,51,84.31,3,2,0,6,0,54.77
Mohamed Salah,Liverpool,FW,Egypt,Premier League,9,89,1,0,4,3,23,38,60.53,3,1,0,4,0,40.85
Mohamed Salah,Liverpool,FW,Egypt,Premier League,10,94,0,0,3,2,30,35,85.71,3,1,0,7,1,41.64
Mohamed Salah,Liverpool,FW,Egypt,Premier League,11,79,0,0,5,4,23,28,82.14,3,0,1,6,2,44.88
Mohamed Salah,Liverpool,FW,Egypt,Premier League,12,83,0,0,2,2,30,38,78.95,2,0,1,6,0,41.47
Mohamed Salah,Liverpool,FW,Egypt,Premier League,13,78,0,1,7,3,27,41,65.85,2,0,0,2,0,28.97
Mohamed Salah,Liverpool,FW,Egypt,Premier League,14,81,0,1,3,3,37,52,71.15,2,1,0,2,2,32.72
Mohamed Salah,Liverpool,FW,Egypt,Premier League,15,87,0,0,5,5,43,52,82.69,0,0,0,4,1,31.81
Mohamed Salah,Liverpool,FW,Egypt,Premier League,16,92,0,0,7,4,48,55,87.27,3,0,0,2,0,33.12
Mohamed Salah,Liverpool,FW,Egypt,Premier League,17,70,0,0,7,5,36,54,66.67,0,0,1,4,1,27.24
Mohamed Salah,Liverpool,FW,Egypt,Premier League,18,79,0,0,7,3,23,30,76.67,0,0,0,4,1,31.56
Mohamed Salah,Liverpool,FW,Egypt,Premier League,19,77,1,0,5,2,26,36,72.22,0,0,0,4,2,37.29
Luis Diaz,Liverpool,FW,Colombia,Premier League,1,91,1,0,3,3,43,52,82.69,1,1,0,5,0,39.53
Luis Diaz,Liverpool,FW,Colombia,Premier League,2,85,0,0,3,3,29,46,63.04,2,0,0,6,2,32.95
Luis Diaz,Liverpool,FW,Colombia,Premier League,3,92,1,1,6,4,30,46,65.22,1,2,1,4,2,50.55
Luis Diaz,Liverpool,FW,Colombia,Premier League,4,81,1,0,7,1,21,33,63.64,0,2,1,3,1,35.22
Luis Diaz,Liverpool,FW,Colombia,Premier League,5,94,2,0,2,2,38,49,77.55,0,1,0,3,0,46.56
Luis Diaz,Liverpool,FW,Colombia,Premier League,6,74,0,0,7,4,45,60,75.0,1,0,0,3,2,27.57
Luis Diaz,Liverpool,FW,Colombia,Premier League,7,90,1,0,3,1,24,38,63.16,0,1,1,5,2,40.39
Luis Diaz,Liverpool,FW,Colombia,Premier League,8,79,0,0,7,3,27,44,61.36,1,0,0,6,2,25.71
Luis Diaz,Liverpool,FW,Colombia,Premier League,9,90,1,0,3,2,30,45,66.67,0,2,0,5,2,42.43
Luis Diaz,Liverpool,FW,Colombia,Premier League,10,84,0,0,2,1,26,38,68.42,3,2,1,3,2,33.99
Luis Diaz,Liverpool,FW,Colombia,Premier League,11,82,0,0,5,3,22,37,59.46,3,2,0,7,2,35.8
Luis Diaz,Liverpool,FW,Colombia,Premier League,12,80,0,0,6,1,28,40,70.0,3,0,0,2,0,22.06
Luis Diaz,Liverpool,FW,Colombia,Premier League,13,81,1,0,5,3,49,64,76.56,1,1,1,4,0,40.74
Luis Diaz,Liverpool,FW,Colombia,Premier League,14,77,1,0,3,1,42,61,68.85,0,2,1,7,2,43.46
Luis Diaz,Liverpool,FW,Colombia,Premier League,15,82,1,0,2,2,44,58,75.86,3,2,0,3,0,49.81
Luis Diaz,Liverpool,FW,Colombia,Premier League,16,90,0,0,2,1,45,56,80.36,0,1,1,7,2,35.33
Luis Diaz,Liverpool,FW,Colombia,Premier League,17,79,2,1,3,3,49,60,81.67,3,2,0,3,2,64.38
Luis Diaz,Liverpool,FW,Colombia,Premier League,18,77,0,0,4,4,47,61,77.05,0,1,0,6,2,32.18
Luis Diaz,Liverpool,FW,Colombia,Premier League,19,81,0,0,6,1,32,50,64.0,1,0,1,6,1,27.94
Luis Diaz,Liverpool,FW,Colombia,Premier League,20,76,0,0,3,2,46,64,71.88,2,0,0,3,2,32.57
Darwin Nunez,Liverpool,FW,Uruguay,Premier League,1,70,0,0,5,1,29,47,61.7,1,0,0,5,0,22.38
Darwin Nunez,Liverpool,FW,Uruguay,Premier League,2,90,0,0,7,2,23,41,56.1,1,1,0,2,0,18.49
Darwin Nunez,Liverpool,FW,Uruguay,Premier League,3,82,2,0,6,3,47,53,88.68,1,2,1,7,2,58.74
Darwin Nunez,Liverpool,FW,Uruguay,Premier League,4,82,0,1,4,4,39,57,68.42,0,2,1,6,2,38.89
Darwin Nunez,Liverpool,FW,Uruguay,Premier League,5,72,0,0,4,4,25,33,75.76,0,0,1,2,0,26.25
Darwin Nunez,Liverpool,FW,Uruguay,Premier League,6,75,2,0,3,3,37,54,68.52,1,1,0,4,2,51.04
Darwin Nunez,Liverpool,FW,Uruguay,Premier League,7,78,0,0,3,3,28,35,80.0,3,2,0,5,0,35.45
Darwin Nunez,Liverpool,FW,Uruguay,Premier League,8,93,2,0,2,1,27,43,62.79,0,0,0,4,1,38.86
Darwin Nunez,Liverpool,FW,Uruguay,Premier League,9,86,1,0,7,5,47,53,88.68,3,0,1,6,0,48.25
Darwin Nunez,Liverpool,FW,Uruguay,Premier League,10,82,0,0,6,3,45,50,90.0,2,1,1,4,0,37.52
Darwin Nunez,Liverpool,FW,Uruguay,Premier League,11,79,1,0,4,4,28,36,77.78,0,2,0,2,0,40.76
Darwin Nunez,Liverpool,FW,Uruguay,Premier League,12,80,1,0,6,3,32,41,78.05,1,0,0,3,1,35.54
Darwin Nunez,Liverpool,FW,Uruguay,Premier League,13,78,1,0,6,4,26,31,83.87,1,0,1,4,0,44.09
Darwin Nunez,Liverpool,FW,Uruguay,Premier League,14,71,0,0,6,3,35,54,64.81,1,2,1,3,0,25.25
Darwin Nunez,Liverpool,FW,Uruguay,Premier League,15,86,1,0,5,4,37,51,72.55,3,2,1,2,1,43.84
Darwin Nunez,Liverpool,FW,Uruguay,Premier League,16,72,0,0,4,2,37,45,82.22,1,2,0,5,2,38.75
Darwin Nunez,Liverpool,FW,Uruguay,Premier League,17,76,1,0,7,2,48,67,71.64,3,0,0,6,0,42.34
Darwin Nunez,Liverpool,FW,Uruguay,Premier League,18,86,1,0,5,2,34,52,65.38,1,1,0,4,2,35.98
Alexis Mac Allister,Liverpool,MF,Argentina,Premier League,1,75,0,1,4,1,63,82,76.83,1,6,4,3,0,44.62
Alexis Mac Allister,Liverpool,MF,Argentina,Premier League,2,77,0,0,1,0,68,84,80.95,4,3,4,4,2,44.35
Alexis Mac Allister,Liverpool,MF,Argentina,Premier League,3,93,0,0,2,1,51,67,76.12,3,6,5,4,0,48.14
Alexis Mac Allister,Liverpool,MF,Argentina,Premier League,4,75,0,0,3,0,74,87,85.06,2,2,3,4,0,38.9
Alexis Mac Allister,Liverpool,MF,Argentina,Premier League,5,83,0,0,4,2,57,76,75.0,1,6,3,2,1,36.16
Alexis Mac Allister,Liverpool,MF,Argentina,Premier League,6,88,0,0,1,0,77,89,86.52,4,2,5,3,1,42.76
Alexis Mac Allister,Liverpool,MF,Argentina,Premier League,7,70,0,0,1,1,84,89,94.38,4,3,5,1,1,49.94
Alexis Mac Allister,Liverpool,MF,Argentina,Premier League,8,83,0,0,1,1,70,84,83.33,2,3,3,3,1,40.72
Alexis Mac Allister,Liverpool,MF,Argentina,Premier League,9,78,0,0,3,0,47,53,88.68,3,2,3,1,2,38.59
Alexis Mac Allister,Liverpool,MF,Argentina,Premier League,10,89,0,1,4,1,64,72,88.89,2,4,4,3,2,54.13
Alexis Mac Allister,Liverpool,MF,Argentina,Premier League,11,81,0,0,4,1,58,75,77.33,3,3,3,4,2,41.78
Alexis Mac Allister,Liverpool,MF,Argentina,Premier League,12,90,0,0,3,2,90,101,89.11,4,6,5,1,2,52.83
Alexis Mac Allister,Liverpool,MF,Argentina,Premier League,13,90,0,0,3,2,73,92,79.35,2,2,4,4,0,34.98
Alexis Mac Allister,Liverpool,MF,Argentina,Premier League,14,86,0,1,1,1,72,79,91.14,4,5,5,4,1,57.9
Alexis Mac Allister,Liverpool,MF,Argentina,Premier League,15,91,0,0,2,2,78,95,82.11,4,3,4,3,1,53.63
Alexis Mac Allister,Liverpool,MF,Argentina,Premier League,16,92,0,0,4,0,59,73,80.82,1,4,3,4,1,38.48
Alexis Mac Allister,Liverpool,MF,Argentina,Premier League,17,75,0,0,4,0,91,96,94.79,2,2,5,2,2,39.72
Alexis Mac Allister,Liverpool,MF,Argentina,Premier League,18,92,0,1,2,2,81,100,81.0,1,2,5,4,0,50.85
Bukayo Saka,Arsenal,FW,England,Premier League,1,94,0,0,3,2,28,38,73.68,0,0,1,4,0,27.16
Bukayo Saka,Arsenal,FW,England,Premier League,2,84,0,0,6,5,31,41,75.61,0,0,0,5,2,28.29
Bukayo Saka,Arsenal,FW,England,Premier League,3,74,0,0,6,4,45,54,83.33,0,0,0,4,1,28.38
Bukayo Saka,Arsenal,FW,England,Premier League,4,71,0,0,4,2,31,44,70.45,1,0,1,4,2,31.16
Bukayo Saka,Arsenal,FW,England,Premier League,5,89,0,0,3,3,31,37,83.78,1,2,1,7,0,41.89
Bukayo Saka,Arsenal,FW,England,Premier League,6,84,0,0,3,1,20,30,66.67,2,0,1,7,0,34.65
Bukayo Saka,Arsenal,FW,England,Premier League,7,77,2,0,7,2,37,50,74.0,0,1,1,2,2,41.67
Bukayo Saka,Arsenal,FW,England,Premier League,8,71,1,0,4,3,35,41,85.37,1,0,1,6,0,40.95
Bukayo Saka,Arsenal,FW,England,Premier League,9,75,1,1,6,1,40,58,68.97,0,2,0,4,1,45.67
Bukayo Saka,Arsenal,FW,England,Premier League,10,70,1,0,3,2,32,44,72.73,0,2,0,6,2,44.65
Bukayo Saka,Arsenal,FW,England,Premier League,11,70,0,0,3,3,34,39,87.18,0,2,1,6,0,34.49
Bukayo Saka,Arsenal,FW,England,Premier League,12,83,0,0,7,2,30,43,69.77,2,1,1,3,1,32.42
Bukayo Saka,Arsenal,FW,England,Premier League,13,81,0,0,6,5,45,53,84.91,0,0,1,6,2,33.12
Bukayo Saka,Arsenal,FW,England,Premier League,14,80,1,0,7,2,31,42,73.81,2,2,0,6,2,44.47
Bukayo Saka,Arsenal,FW,England,Premier League,15,84,0,0,6,3,21,37,56.76,1,0,1,6,1,28.53
Bukayo Saka,Arsenal,FW,England,Premier League,16,80,0,0,5,2,21,32,65.62,0,0,1,3,0,20.6
Bukayo Saka,Arsenal,FW,England,Premier League,17,81,0,0,2,2,48,60,80.0,1,1,0,7,0,38.55
Bukayo Saka,Arsenal,FW,England,Premier League,18,79,0,0,6,5,41,53,77.36,3,0,1,2,2,36.85
Bukayo Saka,Arsenal,FW,England,Premier League,19,79,1,0,3,3,24,37,64.86,3,1,1,4,2,44.11
Martin Odegaard,Arsenal,MF,Norway,Premier League,1,70,0,0,3,1,49,60,81.67,3,2,4,4,1,37.95
Martin Odegaard,Arsenal,MF,Norway,Premier League,2,94,0,0,3,3,55,73,75.34,2,2,3,1,0,36.97
Martin Odegaard,Arsenal,MF,Norway,Premier League,3,78,0,0,3,0,62,67,92.54,3,3,3,1,2,40.5
Martin Odegaard,Arsenal,MF,Norway,Premier League,4,78,0,1,1,1,80,92,86.96,4,6,2,4,2,62.15
Martin Odegaard,Arsenal,MF,Norway,Premier League,5,81,0,0,3,3,57,72,79.17,1,5,3,4,0,39.56
Martin Odegaard,Arsenal,MF,Norway,Premier League,6,75,0,0,4,0,47,52,90.38,2,3,4,4,1,44.37
Martin Odegaard,Arsenal,MF,Norway,Premier League,7,84,1,0,4,3,66,79,83.54,4,3,5,1,0,54.86
Martin Odegaard,Arsenal,MF,Norway,Premier League,8,82,0,1,4,0,60,71,84.51,4,5,4,4,1,50.86
Martin Odegaard,Arsenal,MF,Norway,Premier League,9,90,0,0,1,1,84,92,91.3,4,5,2,1,1,45.28
Martin Odegaard,Arsenal,MF,Norway,Premier League,10,92,0,0,4,3,82,88,93.18,4,3,2,2,0,45.62
Martin Odegaard,Arsenal,MF,Norway,Premier League,11,92,0,0,2,2,53,67,79.1,1,4,4,4,1,44.74
Martin Odegaard,Arsenal,MF,Norway,Premier League,12,82,0,0,2,0,86,93,92.47,4,2,3,2,1,48.5
Martin Odegaard,Arsenal,MF,Norway,Premier League,13,90,0,0,2,1,47,54,87.04,4,5,3,1,2,47.07
Martin Odegaard,Arsenal,MF,Norway,Premier League,14,73,0,1,4,1,69,88,78.41,2,2,2,2,0,37.56
Martin Odegaard,Arsenal,MF,Norway,Premier League,15,90,0,0,2,1,47,53,88.68,3,2,3,1,0,40.89
Martin Odegaard,Arsenal,MF,Norway,Premier League,16,92,0,0,2,1,73,80,91.25,4,6,4,2,1,50.87
Martin Odegaard,Arsenal,MF,Norway,Premier League,17,93,0,0,2,1,69,88,78.41,2,4,3,1,2,35.96
Martin Odegaard,Arsenal,MF,Norway,Premier League,18,89,0,0,4,3,83,91,91.21,4,2,2,3,0,43.24
Martin Odegaard,Arsenal,MF,Norway,Premier League,19,76,0,0,3,0,79,88,89.77,3,4,5,2,1,45.6
Gabriel Martinelli,Arsenal,FW,Brazil,Premier League,1,82,0,0,7,5,29,38,76.32,2,1,1,6,0,36.54
Gabriel Martinelli,Arsenal,FW,Brazil,Premier League,2,90,1,0,6,2,24,32,75.0,0,0,0,2,2,30.76
Gabriel Martinelli,Arsenal,FW,Brazil,Premier League,3,75,0,0,5,2,27,41,65.85,2,0,0,5,0,27.09
Gabriel Martinelli,Arsenal,FW,Brazil,Premier League,4,85,1,0,2,2,36,53,67.92,3,0,0,2,1,41.36
Gabriel Martinelli,Arsenal,FW,Brazil,Premier League,5,86,0,0,5,3,42,58,72.41,1,2,1,2,2,29.5
Gabriel Martinelli,Arsenal,FW,Brazil,Premier League,6,92,0,0,6,4,20,35,57.14,2,0,1,6,0,33.6
Gabriel Martinelli,Arsenal,FW,Brazil,Premier League,7,89,0,0,5,5,27,46,58.7,1,2,1,5,2,33.9
Gabriel Martinelli,Arsenal,FW,Brazil,Premier League,8,75,1,0,4,3,45,64,70.31,0,0,1,7,1,44.22
Gabriel Martinelli,Arsenal,FW,Brazil,Premier League,9,78,1,0,3,3,36,49,73.47,3,1,1,7,0,48.5
Gabriel Martinelli,Arsenal,FW,Brazil,Premier League,10,82,0,0,3,2,40,49,81.63,3,2,1,3,1,37.96
Gabriel Martinelli,Arsenal,FW,Brazil,Premier League,11,77,1,0,3,3,36,51,70.59,3,1,0,2,0,45.04
Gabriel Martinelli,Arsenal,FW,Brazil,Premier League,12,86,0,0,3,2,39,51,76.47,1,0,1,4,1,32.99
Gabriel Martinelli,Arsenal,FW,Brazil,Premier League,13,76,0,0,6,5,49,60,81.67,0,1,1,7,1,34.9
Gabriel Martinelli,Arsenal,FW,Brazil,Premier League,14,90,1,0,7,3,44,63,69.84,1,0,0,3,1,31.61
Gabriel Martinelli,Arsenal,FW,Brazil,Premier League,15,92,0,0,6,5,20,37,54.05,3,2,0,7,2,34.96
Gabriel Martinelli,Arsenal,FW,Brazil,Premier League,16,72,0,0,2,2,24,29,82.76,2,1,1,2,0,32.52
Gabriel Martinelli,Arsenal,FW,Brazil,Premier League,17,71,1,0,2,2,40,53,75.47,3,1,0,4,2,44.31
Gabriel Martinelli,Arsenal,FW,Brazil,Premier League,18,83,0,0,5,2,45,58,77.59,1,1,1,2,1,28.43
Gabriel Martinelli,Arsenal,FW,Brazil,Premier League,19,93,0,0,7,3,24,34,70.59,1,2,0,5,1,32.05
Gabriel Martinelli,Arsenal,FW,Brazil,Premier League,20,82,0,0,6,5,29,37,78.38,1,1,1,5,0,37.7
Kai Havertz,Arsenal,MF,Germany,Premier League,1,88,0,0,4,1,48,53,90.57,4,3,3,2,2,42.52
Kai Havertz,Arsenal,MF,Germany,Premier League,2,73,0,0,4,0,56,63,88.89,2,3,3,1,2,33.0
Kai Havertz,Arsenal,MF,Germany,Premier League,3,94,0,0,2,2,93,109,85.32,3,5,4,3,2,48.85
Kai Havertz,Arsenal,MF,Germany,Premier League,4,85,0,0,2,2,71,80,88.75,3,5,4,3,0,48.82
Kai Havertz,Arsenal,MF,Germany,Premier League,5,90,0,0,1,1,89,96,92.71,2,2,4,1,2,39.02
Kai Havertz,Arsenal,MF,Germany,Premier League,6,79,0,0,3,0,73,82,89.02,4,6,5,1,0,50.68
Kai Havertz,Arsenal,MF,Germany,Premier League,7,83,0,1,3,0,68,84,80.95,1,5,3,1,1,46.72
Kai Havertz,Arsenal,MF,Germany,Premier League,8,91,0,0,4,3,69,85,81.18,4,6,3,4,1,47.48
Kai Havertz,Arsenal,MF,Germany,Premier League,9,82,0,1,4,1,75,83,90.36,2,2,2,2,0,40.38
Kai Havertz,Arsenal,MF,Germany,Premier League,10,75,0,0,2,2,65,84,77.38,4,3,2,3,2,45.81
Kai Havertz,Arsenal,MF,Germany,Premier League,11,94,0,0,4,2,65,74,87.84,2,3,5,4,1,42.59
Kai Havertz,Arsenal,MF,Germany,Premier League,12,90,1,0,3,2,70,86,81.4,1,2,4,3,0,45.86
Kai Havertz,Arsenal,MF,Germany,Premier League,13,71,0,0,2,0,51,67,76.12,2,2,2,4,0,32.88
Kai Havertz,Arsenal,MF,Germany,Premier League,14,74,0,0,2,0,61,67,91.04,2,3,2,2,0,33.29
Kai Havertz,Arsenal,MF,Germany,Premier League,15,79,0,1,3,0,83,90,92.22,2,5,5,3,1,54.61
Kai Havertz,Arsenal,MF,Germany,Premier League,16,89,0,0,4,3,51,61,83.61,1,5,3,3,1,39.33
Kai Havertz,Arsenal,MF,Germany,Premier League,17,93,0,1,4,1,72,90,80.0,2,2,4,2,0,45.03
Kai Havertz,Arsenal,MF,Germany,Premier League,18,87,0,0,2,2,50,65,76.92,3,5,4,1,2,45.27
Cole Palmer,Chelsea,MF,England,Premier League,1,81,0,0,3,0,91,97,93.81,3,3,3,4,1,38.94
Cole Palmer,Chelsea,MF,England,Premier League,2,77,0,1,3,2,94,103,91.26,3,2,5,1,2,53.19
Cole Palmer,Chelsea,MF,England,Premier League,3,92,0,0,2,1,63,68,92.65,4,2,5,3,1,49.46
Cole Palmer,Chelsea,MF,England,Premier League,4,92,0,1,1,1,57,72,79.17,2,5,5,2,1,51.38
Cole Palmer,Chelsea,MF,England,Premier League,5,89,0,1,2,1,49,59,83.05,3,6,5,1,0,54.79
Cole Palmer,Chelsea,MF,England,Premier League,6,93,0,0,4,0,55,61,90.16,2,5,5,1,0,43.14
Cole Palmer,Chelsea,MF,England,Premier League,7,78,0,0,4,3,70,77,90.91,2,2,2,3,1,40.42
Cole Palmer,Chelsea,MF,England,Premier League,8,84,0,0,1,0,92,107,85.98,4,2,2,4,2,37.58
Cole Palmer,Chelsea,MF,England,Premier League,9,77,0,0,4,3,72,83,86.75,3,2,5,4,0,47.71
Cole Palmer,Chelsea,MF,England,Premier League,10,90,0,0,4,1,69,87,79.31,3,6,4,1,0,44.31
Cole Palmer,Chelsea,MF,England,Premier League,11,92,0,1,4,0,59,74,79.73,2,4,2,2,2,42.99
Cole Palmer,Chelsea,MF,England,Premier League,12,83,0,0,2,1,80,95,84.21,1,4,4,2,2,38.35
Cole Palmer,Chelsea,MF,England,Premier League,13,79,0,1,3,1,92,99,92.93,1,4,3,3,2,47.73
Cole Palmer,Chelsea,MF,England,Premier League,14,84,0,0,3,1,53,61,86.89,3,5,4,1,2,45.11
Cole Palmer,Chelsea,MF,England,Premier League,15,90,0,0,2,0,77,84,91.67,4,5,2,2,2,41.88
Cole Palmer,Chelsea,MF,England,Premier League,16,91,0,0,1,1,48,61,78.69,4,3,2,1,1,45.09
Cole Palmer,Chelsea,MF,England,Premier League,17,85,0,0,3,3,90,98,91.84,2,6,4,1,0,48.5
Cole Palmer,Chelsea,MF,England,Premier League,18,71,0,0,1,0,53,65,81.54,1,2,5,3,0,34.93
Nicolas Jackson,Chelsea,FW,Senegal,Premier League,1,75,0,0,2,1,45,53,84.91,3,0,1,6,2,39.15
Nicolas Jackson,Chelsea,FW,Senegal,Premier League,2,93,1,0,5,4,23,29,79.31,1,0,0,7,1,45.29
Nicolas Jackson,Chelsea,FW,Senegal,Premier League,3,77,0,0,7,1,37,44,84.09,0,0,1,7,1,31.58
Nicolas Jackson,Chelsea,FW,Senegal,Premier League,4,82,0,1,6,5,36,53,67.92,2,1,0,6,0,39.92
Nicolas Jackson,Chelsea,FW,Senegal,Premier League,5,86,1,0,7,2,30,43,69.77,1,1,0,2,0,32.51
Nicolas Jackson,Chelsea,FW,Senegal,Premier League,6,88,1,0,4,3,42,57,73.68,0,2,0,4,1,38.77
Nicolas Jackson,Chelsea,FW,Senegal,Premier League,7,76,0,0,5,5,40,56,71.43,0,0,1,2,0,24.8
Nicolas Jackson,Chelsea,FW,Senegal,Premier League,8,89,1,0,4,2,42,48,87.5,1,0,0,2,2,41.23
Nicolas Jackson,Chelsea,FW,Senegal,Premier League,9,88,1,0,6,3,34,53,64.15,3,0,0,5,1,36.92
Nicolas Jackson,Chelsea,FW,Senegal,Premier League,10,83,1,0,6,1,29,35,82.86,1,2,0,6,1,42.84
Nicolas Jackson,Chelsea,FW,Senegal,Premier League,11,81,1,0,6,3,35,42,83.33,1,1,0,2,1,38.28
Nicolas Jackson,Chelsea,FW,Senegal,Premier League,12,93,0,0,3,1,40,53,75.47,1,0,0,2,2,24.43
Nicolas Jackson,Chelsea,FW,Senegal,Premier League,13,72,1,0,6,1,40,47,85.11,1,1,1,5,1,41.17
Nicolas Jackson,Chelsea,FW,Senegal,Premier League,14,93,1,1,4,4,45,56,80.36,2,0,1,5,0,49.79
Nicolas Jackson,Chelsea,FW,Senegal,Premier League,15,72,1,0,2,1,34,49,69.39,3,2,0,3,1,42.58
Nicolas Jackson,Chelsea,FW,Senegal,Premier League,16,70,0,0,4,1,36,55,65.45,1,0,1,3,1,22.28
Nicolas Jackson,Chelsea,FW,Senegal,Premier League,17,80,0,0,4,3,30,45,66.67,0,1,0,7,1,31.59
Nicolas Jackson,Chelsea,FW,Senegal,Premier League,18,74,0,0,4,1,34,48,70.83,0,1,1,6,1,27.73
Nicolas Jackson,Chelsea,FW,Senegal,Premier League,19,82,0,1,2,1,48,58,82.76,0,2,0,7,0,34.73
Enzo Fernandez,Chelsea,MF,Argentina,Premier League,1,79,0,0,2,0,66,72,91.67,1,4,4,3,2,38.15
Enzo Fernandez,Chelsea,MF,Argentina,Premier League,2,93,0,0,4,0,88,105,83.81,3,5,4,1,2,39.79
Enzo Fernandez,Chelsea,MF,Argentina,Premier League,3,94,0,0,3,3,61,73,83.56,3,5,3,4,1,45.0
Enzo Fernandez,Chelsea,MF,Argentina,Premier League,4,90,0,0,1,0,80,86,93.02,2,4,4,4,2,45.55
Enzo Fernandez,Chelsea,MF,Argentina,Premier League,5,86,0,0,4,1,65,77,84.42,2,4,4,4,0,45.02
Enzo Fernandez,Chelsea,MF,Argentina,Premier League,6,92,0,0,3,1,92,106,86.79,4,5,5,4,1,50.06
Enzo Fernandez,Chelsea,MF,Argentina,Premier League,7,87,0,0,2,2,59,64,92.19,3,4,5,1,2,52.33
Enzo Fernandez,Chelsea,MF,Argentina,Premier League,8,86,0,0,1,0,92,97,94.85,3,2,5,4,0,44.0
Enzo Fernandez,Chelsea,MF,Argentina,Premier League,9,83,0,1,3,2,82,99,82.83,3,4,2,1,2,53.11
Enzo Fernandez,Chelsea,MF,Argentina,Premier League,10,93,0,0,2,1,65,83,78.31,4,5,3,1,2,42.55
Enzo Fernandez,Chelsea,MF,Argentina,Premier League,11,76,0,0,3,1,52,59,88.14,2,2,5,3,1,43.98
Enzo Fernandez,Chelsea,MF,Argentina,Premier League,12,71,0,0,4,3,49,68,72.06,4,2,4,1,2,41.51
Enzo Fernandez,Chelsea,MF,Argentina,Premier League,13,83,0,0,2,1,48,64,75.0,2,4,4,4,2,47.23
Enzo Fernandez,Chelsea,MF,Argentina,Premier League,14,71,0,0,2,1,84,90,93.33,1,3,3,4,1,43.65
Enzo Fernandez,Chelsea,MF,Argentina,Premier League,15,93,0,0,3,3,78,96,81.25,3,4,5,3,1,51.86
Enzo Fernandez,Chelsea,MF,Argentina,Premier League,16,86,0,0,1,0,63,74,85.14,1,4,2,1,1,34.32
Enzo Fernandez,Chelsea,MF,Argentina,Premier League,17,89,0,0,2,1,64,73,87.67,4,3,3,2,1,44.53
Enzo Fernandez,Chelsea,MF,Argentina,Premier League,18,80,0,0,3,3,62,75,82.67,4,3,3,4,1,51.58
Raheem Sterling,Chelsea,FW,England,Premier League,1,93,0,0,3,1,45,51,88.24,1,1,1,2,2,24.91
Raheem Sterling,Chelsea,FW,England,Premier League,2,71,1,0,5,3,44,60,73.33,0,2,0,2,2,35.45
Raheem Sterling,Chelsea,FW,England,Premier League,3,74,0,1,4,1,38,43,88.37,0,1,1,5,2,39.15
Raheem Sterling,Chelsea,FW,England,Premier League,4,70,0,0,3,3,42,54,77.78,0,0,0,6,0,37.59
Raheem Sterling,Chelsea,FW,England,Premier League,5,79,1,1,2,2,28,33,84.85,0,2,0,5,0,53.44
Raheem Sterling,Chelsea,FW,England,Premier League,6,87,0,0,3,2,22,31,70.97,3,0,1,2,0,30.6
Raheem Sterling,Chelsea,FW,England,Premier League,7,73,1,0,2,1,25,42,59.52,2,1,1,7,0,44.8
Raheem Sterling,Chelsea,FW,England,Premier League,8,80,0,0,7,4,31,38,81.58,0,1,1,2,0,28.16
Raheem Sterling,Chelsea,FW,England,Premier League,9,82,1,0,7,2,40,49,81.63,3,2,0,3,1,44.97
Raheem Sterling,Chelsea,FW,England,Premier League,10,75,0,0,7,1,31,36,86.11,1,0,0,2,1,26.89
Raheem Sterling,Chelsea,FW,England,Premier League,11,84,0,0,2,2,47,65,72.31,1,2,1,6,1,33.4
Raheem Sterling,Chelsea,FW,England,Premier League,12,81,0,0,2,1,42,57,73.68,1,2,1,2,1,28.42
Raheem Sterling,Chelsea,FW,England,Premier League,13,94,1,0,5,3,28,40,70.0,3,2,1,2,2,36.58
Raheem Sterling,Chelsea,FW,England,Premier League,14,81,0,0,2,1,21,35,60.0,1,0,0,5,2,22.69
Raheem Sterling,Chelsea,FW,England,Premier League,15,78,0,1,6,4,37,42,88.1,2,2,1,5,1,44.87
Raheem Sterling,Chelsea,FW,England,Premier League,16,80,0,0,3,3,32,47,68.09,2,2,0,6,2,34.43
Raheem Sterling,Chelsea,FW,England,Premier League,17,86,1,1,7,4,44,50,88.0,2,2,0,7,1,53.99
Raheem Sterling,Chelsea,FW,England,Premier League,18,91,2,0,6,2,40,58,68.97,1,0,1,7,1,50.34
Bruno Fernandes,Manchester United,MF,Portugal,Premier League,1,80,0,0,3,1,47,63,74.6,2,6,5,4,0,46.96
Bruno Fernandes,Manchester United,MF,Portugal,Premier League,2,81,0,1,4,3,79,94,84.04,4,4,3,2,0,53.77
Bruno Fernandes,Manchester United,MF,Portugal,Premier League,3,71,0,1,3,2,82,87,94.25,2,3,3,2,2,49.38
Bruno Fernandes,Manchester United,MF,Portugal,Premier League,4,80,1,0,1,1,52,63,82.54,2,5,4,2,0,57.25
Bruno Fernandes,Manchester United,MF,Portugal,Premier League,5,73,0,1,2,1,73,82,89.02,2,5,2,1,1,50.14
Bruno Fernandes,Manchester United,MF,Portugal,Premier League,6,94,0,0,2,1,52,69,75.36,4,4,3,1,2,34.69
Bruno Fernandes,Manchester United,MF,Portugal,Premier League,7,76,0,0,2,0,71,76,93.42,2,4,2,4,0,38.96
Bruno Fernandes,Manchester United,MF,Portugal,Premier League,8,89,0,0,3,2,70,79,88.61,2,2,3,1,0,38.91
Bruno Fernandes,Manchester United,MF,Portugal,Premier League,9,80,0,0,2,0,70,83,84.34,1,5,5,3,1,42.33
Bruno Fernandes,Manchester United,MF,Portugal,Premier League,10,88,0,1,1,1,55,62,88.71,4,4,2,3,1,54.21
Bruno Fernandes,Manchester United,MF,Portugal,Premier League,11,79,0,0,3,2,70,78,89.74,4,6,2,2,2,43.82
Bruno Fernandes,Manchester United,MF,Portugal,Premier League,12,73,0,0,3,3,83,97,85.57,2,5,3,1,2,43.56
Bruno Fernandes,Manchester United,MF,Portugal,Premier League,13,93,0,0,3,2,68,80,85.0,3,6,5,2,0,46.63
Bruno Fernandes,Manchester United,MF,Portugal,Premier League,14,78,0,0,4,3,67,80,83.75,1,6,4,2,0,45.36
Bruno Fernandes,Manchester United,MF,Portugal,Premier League,15,88,0,0,2,0,54,64,84.38,4,6,2,4,2,47.93
Bruno Fernandes,Manchester United,MF,Portugal,Premier League,16,88,0,1,3,1,94,112,83.93,2,6,2,4,2,47.0
Bruno Fernandes,Manchester United,MF,Portugal,Premier League,17,85,0,0,3,1,80,95,84.21,3,6,3,1,0,47.91
Bruno Fernandes,Manchester United,MF,Portugal,Premier League,18,73,0,0,2,0,61,69,88.41,3,3,3,1,0,36.79
Bruno Fernandes,Manchester United,MF,Portugal,Premier League,19,78,0,0,1,1,93,112,83.04,1,2,4,4,0,43.16
Rasmus Hojlund,Manchester United,FW,Denmark,Premier League,1,78,0,1,3,3,48,65,73.85,1,0,0,3,2,38.72
Rasmus Hojlund,Manchester United,FW,Denmark,Premier League,2,82,0,0,5,4,40,51,78.43,2,0,0,2,2,24.37
Rasmus Hojlund,Manchester United,FW,Denmark,Premier League,3,70,0,0,5,2,36,54,66.67,2,2,1,4,1,33.45
Rasmus Hojlund,Manchester United,FW,Denmark,Premier League,4,90,1,0,4,1,38,43,88.37,1,0,0,2,2,37.2
Rasmus Hojlund,Manchester United,FW,Denmark,Premier League,5,89,0,1,7,3,38,57,66.67,3,2,0,3,0,32.56
Rasmus Hojlund,Manchester United,FW,Denmark,Premier League,6,85,0,0,7,3,44,55,80.0,0,2,1,4,1,30.34
Rasmus Hojlund,Manchester United,FW,Denmark,Premier League,7,94,0,0,4,1,46,62,74.19,3,0,1,2,0,30.13
Rasmus Hojlund,Manchester United,FW,Denmark,Premier League,8,71,0,0,4,1,49,67,73.13,1,0,0,7,0,31.56
Rasmus Hojlund,Manchester United,FW,Denmark,Premier League,9,79,1,0,7,3,41,54,75.93,0,0,1,3,2,35.76
Rasmus Hojlund,Manchester United,FW,Denmark,Premier League,10,78,2,0,6,2,36,45,80.0,1,1,1,6,1,54.89
Rasmus Hojlund,Manchester United,FW,Denmark,Premier League,11,75,0,0,4,3,29,39,74.36,1,0,0,3,1,24.08
Rasmus Hojlund,Manchester United,FW,Denmark,Premier League,12,89,0,0,4,1,34,41,82.93,1,2,0,7,2,31.48
Rasmus Hojlund,Manchester United,FW,Denmark,Premier League,13,71,0,1,4,2,28,45,62.22,0,1,0,4,2,33.84
Rasmus Hojlund,Manchester United,FW,Denmark,Premier League,14,93,0,0,2,2,40,50,80.0,2,2,1,4,0,33.97
Rasmus Hojlund,Manchester United,FW,Denmark,Premier League,15,79,0,0,6,4,26,34,76.47,0,0,1,4,0,33.04
Rasmus Hojlund,Manchester United,FW,Denmark,Premier League,16,89,1,0,7,1,29,44,65.91,1,2,1,3,2,38.07
Rasmus Hojlund,Manchester United,FW,Denmark,Premier League,17,87,0,0,4,4,47,55,85.45,0,2,0,2,1,32.66
Rasmus Hojlund,Manchester United,FW,Denmark,Premier League,18,74,0,0,6,4,34,49,69.39,3,2,0,2,1,37.2
Rasmus Hojlund,Manchester United,FW,Denmark,Premier League,19,88,1,0,3,2,35,43,81.4,2,1,1,7,2,48.18
Rasmus Hojlund,Manchester United,FW,Denmark,Premier League,20,77,1,0,7,3,29,36,80.56,1,0,0,4,1,37.9
Marcus Rashford,Manchester United,FW,England,Premier League,1,93,0,0,2,2,47,62,75.81,0,1,0,2,1,32.26
Marcus Rashford,Manchester United,FW,England,Premier League,2,80,0,0,4,3,47,56,83.93,1,1,1,5,1,34.54
Marcus Rashford,Manchester United,FW,England,Premier League,3,91,0,0,3,1,32,44,72.73,3,1,1,6,2,40.24
Marcus Rashford,Manchester United,FW,England,Premier League,4,90,1,0,4,2,25,42,59.52,1,0,0,7,1,40.15
Marcus Rashford,Manchester United,FW,England,Premier League,5,94,1,0,4,4,24,33,72.73,0,2,1,3,2,42.3
Marcus Rashford,Manchester United,FW,England,Premier League,6,79,1,0,2,1,42,47,89.36,1,2,1,6,1,50.66
Marcus Rashford,Manchester United,FW,England,Premier League,7,91,1,0,2,2,38,47,80.85,0,2,0,7,0,46.64
Marcus Rashford,Manchester United,FW,England,Premier League,8,74,1,0,4,2,44,55,80.0,2,1,0,6,2,46.87
Marcus Rashford,Manchester United,FW,England,Premier League,9,91,0,0,2,1,27,37,72.97,0,1,0,7,1,27.89
Marcus Rashford,Manchester United,FW,England,Premier League,10,88,0,0,4,4,29,37,78.38,2,1,1,3,2,34.43
Marcus Rashford,Manchester United,FW,England,Premier League,11,78,0,0,7,3,41,60,68.33,2,1,1,4,0,30.01
Marcus Rashford,Manchester United,FW,England,Premier League,12,71,1,0,4,2,27,34,79.41,2,1,0,6,1,51.76
Marcus Rashford,Manchester United,FW,England,Premier League,13,76,0,1,2,1,48,65,73.85,0,2,1,3,0,40.21
Marcus Rashford,Manchester United,FW,England,Premier League,14,80,0,0,3,1,26,39,66.67,0,0,0,7,0,24.01
Marcus Rashford,Manchester United,FW,England,Premier League,15,94,1,0,3,1,41,51,80.39,3,0,1,2,0,46.79
Marcus Rashford,Manchester United,FW,England,Premier League,16,71,1,0,4,2,28,41,68.29,2,1,0,4,2,39.6
Marcus Rashford,Manchester United,FW,England,Premier League,17,94,0,0,3,3,35,47,74.47,1,1,1,5,2,37.69
Marcus Rashford,Manchester United,FW,England,Premier League,18,84,2,0,2,1,32,40,80.0,1,1,0,6,1,49.97
Alejandro Garnacho,Manchester United,FW,Argentina,Premier League,1,80,1,0,7,4,46,52,88.46,3,2,1,4,2,48.21
Alejandro Garnacho,Manchester United,FW,Argentina,Premier League,2,74,1,0,5,4,21,38,55.26,0,2,1,2,0,38.73
Alejandro Garnacho,Manchester United,FW,Argentina,Premier League,3,75,1,0,4,4,31,48,64.58,0,2,0,5,0,36.76
Alejandro Garnacho,Manchester United,FW,Argentina,Premier League,4,79,0,0,4,1,45,61,73.77,3,1,0,6,1,39.82
Alejandro Garnacho,Manchester United,FW,Argentina,Premier League,5,81,0,0,4,1,27,41,65.85,0,2,1,7,1,29.96
Alejandro Garnacho,Manchester United,FW,Argentina,Premier League,6,86,0,0,2,2,21,39,53.85,1,2,1,3,1,25.29
Alejandro Garnacho,Manchester United,FW,Argentina,Premier League,7,73,1,0,2,2,32,43,74.42,3,0,1,7,0,52.18
Alejandro Garnacho,Manchester United,FW,Argentina,Premier League,8,91,0,0,5,4,45,55,81.82,0,0,1,2,0,31.16
Alejandro Garnacho,Manchester United,FW,Argentina,Premier League,9,93,1,0,7,2,35,47,74.47,1,0,1,7,2,41.33
Alejandro Garnacho,Manchester United,FW,Argentina,Premier League,10,75,1,0,6,2,21,36,58.33,3,2,0,7,0,45.92
Alejandro Garnacho,Manchester United,FW,Argentina,Premier League,11,89,1,1,4,3,34,49,69.39,3,0,0,2,2,48.33
Alejandro Garnacho,Manchester United,FW,Argentina,Premier League,12,83,0,0,4,2,47,59,79.66,3,0,0,7,1,40.82
Alejandro Garnacho,Manchester United,FW,Argentina,Premier League,13,88,0,0,4,2,22,35,62.86,2,0,0,6,1,31.3
Alejandro Garnacho,Manchester United,FW,Argentina,Premier League,14,92,0,0,4,3,21,33,63.64,1,0,0,2,2,19.6
Alejandro Garnacho,Manchester United,FW,Argentina,Premier League,15,79,1,0,6,3,40,48,83.33,3,1,1,7,0,46.54
Alejandro Garnacho,Manchester United,FW,Argentina,Premier League,16,80,1,0,4,1,37,46,80.43,2,2,1,3,2,41.9
Alejandro Garnacho,Manchester United,FW,Argentina,Premier League,17,84,1,1,7,2,41,53,77.36,2,0,1,5,0,49.73
Alejandro Garnacho,Manchester United,FW,Argentina,Premier League,18,92,1,0,2,1,33,48,68.75,1,1,1,3,0,40.83
Alejandro Garnacho,Manchester United,FW,Argentina,Premier League,19,74,1,1,4,4,43,48,89.58,1,1,0,6,1,56.6
Son Heung-min,Tottenham,FW,South Korea,Premier League,1,77,1,0,4,4,31,45,68.89,3,2,1,5,0,49.31
Son Heung-min,Tottenham,FW,South Korea,Premier League,2,92,1,0,7,3,26,38,68.42,3,0,0,4,0,37.77
Son Heung-min,Tottenham,FW,South Korea,Premier League,3,90,1,0,4,4,24,42,57.14,1,0,0,2,2,32.62
Son Heung-min,Tottenham,FW,South Korea,Premier League,4,71,0,0,2,2,29,35,82.86,1,0,0,7,2,33.52
Son Heung-min,Tottenham,FW,South Korea,Premier League,5,74,0,0,4,4,37,45,82.22,1,1,1,5,2,36.37
Son Heung-min,Tottenham,FW,South Korea,Premier League,6,73,0,0,7,5,49,66,74.24,3,1,0,5,0,37.07
Son Heung-min,Tottenham,FW,South Korea,Premier League,7,93,0,1,3,2,23,42,54.76,2,1,1,7,2,37.96
Son Heung-min,Tottenham,FW,South Korea,Premier League,8,92,1,0,7,5,25,30,83.33,1,1,1,4,1,43.37
Son Heung-min,Tottenham,FW,South Korea,Premier League,9,91,0,1,3,1,42,59,71.19,1,0,1,3,0,35.45
Son Heung-min,Tottenham,FW,South Korea,Premier League,10,78,2,0,3,3,34,46,73.91,2,2,0,6,0,51.56
Son Heung-min,Tottenham,FW,South Korea,Premier League,11,88,0,0,3,1,35,51,68.63,0,2,1,5,1,32.18
Son Heung-min,Tottenham,FW,South Korea,Premier League,12,86,0,0,5,3,44,49,89.8,3,1,1,6,0,40.55
Son Heung-min,Tottenham,FW,South Korea,Premier League,13,77,0,0,2,2,45,58,77.59,1,2,1,5,2,34.26
Son Heung-min,Tottenham,FW,South Korea,Premier League,14,75,0,0,6,3,47,59,79.66,2,0,1,3,1,34.4
Son Heung-min,Tottenham,FW,South Korea,Premier League,15,74,0,0,7,3,29,47,61.7,2,2,1,2,2,28.87
Son Heung-min,Tottenham,FW,South Korea,Premier League,16,86,0,0,5,5,32,42,76.19,2,1,1,2,0,28.44
Son Heung-min,Tottenham,FW,South Korea,Premier League,17,83,0,0,6,1,43,55,78.18,1,1,0,6,2,29.11
Son Heung-min,Tottenham,FW,South Korea,Premier League,18,86,1,0,2,2,44,62,70.97,0,2,1,7,1,43.44
Son Heung-min,Tottenham,FW,South Korea,Premier League,19,86,2,0,6,2,32,44,72.73,2,0,1,6,2,54.65
James Maddison,Tottenham,MF,England,Premier League,1,84,0,0,4,3,74,79,93.67,1,2,5,1,1,37.49
James Maddison,Tottenham,MF,England,Premier League,2,94,0,0,4,0,76,89,85.39,3,5,2,1,1,41.69
James Maddison,Tottenham,MF,England,Premier League,3,90,0,0,3,2,75,84,89.29,1,2,5,2,0,45.22
James Maddison,Tottenham,MF,England,Premier League,4,77,0,1,2,1,82,95,86.32,1,6,5,3,1,51.33
James Maddison,Tottenham,MF,England,Premier League,5,88,0,0,2,2,84,96,87.5,3,5,4,1,1,42.65
James Maddison,Tottenham,MF,England,Premier League,6,82,0,1,3,0,48,56,85.71,2,3,2,3,1,44.94
James Maddison,Tottenham,MF,England,Premier League,7,87,0,0,3,1,79,91,86.81,2,4,5,1,1,47.91
James Maddison,Tottenham,MF,England,Premier League,8,85,0,1,4,3,94,106,88.68,4,5,4,1,2,52.33
James Maddison,Tottenham,MF,England,Premier League,9,88,0,0,2,2,68,75,90.67,2,3,2,2,1,42.46
James Maddison,Tottenham,MF,England,Premier League,10,81,0,0,3,3,93,107,86.92,3,4,5,1,0,49.61
James Maddison,Tottenham,MF,England,Premier League,11,72,0,0,4,2,92,106,86.79,3,2,3,1,1,40.23
James Maddison,Tottenham,MF,England,Premier League,12,84,0,1,4,1,65,79,82.28,2,6,2,4,1,51.96
James Maddison,Tottenham,MF,England,Premier League,13,92,0,0,1,1,49,57,85.96,2,2,4,4,2,39.42
James Maddison,Tottenham,MF,England,Premier League,14,94,0,0,3,1,84,92,91.3,3,4,5,2,1,46.02
James Maddison,Tottenham,MF,England,Premier League,15,85,0,0,4,2,89,95,93.68,2,6,2,1,2,43.4
James Maddison,Tottenham,MF,England,Premier League,16,77,0,0,2,2,72,91,79.12,4,5,4,2,0,43.98
James Maddison,Tottenham,MF,England,Premier League,17,81,0,0,3,2,65,70,92.86,4,3,4,3,0,49.78
James Maddison,Tottenham,MF,England,Premier League,18,84,0,0,3,0,45,50,90.0,1,3,3,2,0,34.43
James Maddison,Tottenham,MF,England,Premier League,19,83,0,0,1,0,82,101,81.19,1,6,3,3,1,40.66
Dejan Kulusevski,Tottenham,FW,Sweden,Premier League,1,91,0,0,6,1,40,54,74.07,3,2,1,7,0,39.26
Dejan Kulusevski,Tottenham,FW,Sweden,Premier League,2,82,0,0,5,3,37,48,77.08,1,0,0,7,1,38.54
Dejan Kulusevski,Tottenham,FW,Sweden,Premier League,3,89,0,0,4,3,30,38,78.95,2,2,0,4,2,36.52
Dejan Kulusevski,Tottenham,FW,Sweden,Premier League,4,75,0,0,6,1,26,40,65.0,2,1,0,4,0,27.89
Dejan Kulusevski,Tottenham,FW,Sweden,Premier League,5,82,0,0,7,4,27,33,81.82,2,1,1,6,1,32.97
Dejan Kulusevski,Tottenham,FW,Sweden,Premier League,6,76,0,0,2,1,32,46,69.57,1,2,1,5,2,33.36
Dejan Kulusevski,Tottenham,FW,Sweden,Premier League,7,76,0,0,7,2,25,41,60.98,1,1,0,6,0,30.22
Dejan Kulusevski,Tottenham,FW,Sweden,Premier League,8,87,1,0,3,1,33,52,63.46,3,0,0,7,1,41.53
Dejan Kulusevski,Tottenham,FW,Sweden,Premier League,9,80,0,0,6,2,39,54,72.22,1,2,0,4,1,34.05
Dejan Kulusevski,Tottenham,FW,Sweden,Premier League,10,79,0,0,7,3,41,48,85.42,0,1,1,4,0,29.22
Dejan Kulusevski,Tottenham,FW,Sweden,Premier League,11,79,2,0,7,1,37,44,84.09,0,2,0,2,2,46.55
Dejan Kulusevski,Tottenham,FW,Sweden,Premier League,12,79,0,1,2,2,21,34,61.76,0,2,0,3,1,36.89
Dejan Kulusevski,Tottenham,FW,Sweden,Premier League,13,80,1,0,2,1,33,42,78.57,2,1,1,4,2,42.82
Dejan Kulusevski,Tottenham,FW,Sweden,Premier League,14,87,1,1,3,2,41,48,85.42,2,2,1,2,2,51.07
Dejan Kulusevski,Tottenham,FW,Sweden,Premier League,15,73,0,0,7,1,31,42,73.81,2,2,0,3,0,37.05
Dejan Kulusevski,Tottenham,FW,Sweden,Premier League,16,86,1,0,7,4,31,43,72.09,0,1,0,2,2,38.68
Dejan Kulusevski,Tottenham,FW,Sweden,Premier League,17,76,0,0,3,2,48,65,73.85,2,0,1,7,1,36.78
Dejan Kulusevski,Tottenham,FW,Sweden,Premier League,18,92,1,0,7,4,38,46,82.61,0,1,0,6,2,43.77
Brennan Johnson,Tottenham,FW,Wales,Premier League,1,82,0,0,5,2,41,48,85.42,3,1,0,7,1,36.42
Brennan Johnson,Tottenham,FW,Wales,Premier League,2,75,1,0,7,4,39,49,79.59,2,0,0,4,2,43.38
Brennan Johnson,Tottenham,FW,Wales,Premier League,3,80,1,0,5,1,23,32,71.88,1,1,0,5,2,39.21
Brennan Johnson,Tottenham,FW,Wales,Premier League,4,89,0,0,4,1,40,54,74.07,0,2,0,6,1,21.11
Brennan Johnson,Tottenham,FW,Wales,Premier League,5,80,0,0,2,2,35,47,74.47,3,1,0,6,2,38.98
Brennan Johnson,Tottenham,FW,Wales,Premier League,6,90,1,0,3,3,36,50,72.0,0,2,1,2,2,43.74
Brennan Johnson,Tottenham,FW,Wales,Premier League,7,80,1,0,5,4,38,55,69.09,1,2,1,3,2,43.42
Brennan Johnson,Tottenham,FW,Wales,Premier League,8,94,0,0,7,2,34,42,80.95,0,1,1,6,1,31.7
Brennan Johnson,Tottenham,FW,Wales,Premier League,9,79,1,0,3,2,44,57,77.19,1,0,1,3,0,36.52
Brennan Johnson,Tottenham,FW,Wales,Premier League,10,89,0,0,4,2,44,61,72.13,1,1,0,5,0,35.77
Brennan Johnson,Tottenham,FW,Wales,Premier League,11,93,0,0,7,5,37,47,78.72,3,1,1,3,1,32.86
Brennan Johnson,Tottenham,FW,Wales,Premier League,12,82,0,0,5,1,20,35,57.14,0,1,1,4,2,26.2
Brennan Johnson,Tottenham,FW,Wales,Premier League,13,82,0,1,6,3,33,44,75.0,2,2,1,7,0,39.24
Brennan Johnson,Tottenham,FW,Wales,Premier League,14,89,0,0,2,2,34,45,75.56,3,1,0,6,2,40.72
Brennan Johnson,Tottenham,FW,Wales,Premier League,15,83,1,0,4,1,40,50,80.0,2,2,0,5,2,44.62
Brennan Johnson,Tottenham,FW,Wales,Premier League,16,80,1,0,3,1,24,35,68.57,3,2,0,2,2,42.98
Brennan Johnson,Tottenham,FW,Wales,Premier League,17,90,2,0,6,2,35,54,64.81,2,1,0,2,2,45.41
Brennan Johnson,Tottenham,FW,Wales,Premier League,18,89,1,0,4,1,22,35,62.86,3,2,0,4,0,34.74
Alexander Isak,Newcastle,FW,Sweden,Premier League,1,91,1,0,7,3,32,48,66.67,2,0,0,5,0,45.07
Alexander Isak,Newcastle,FW,Sweden,Premier League,2,78,1,0,5,2,45,53,84.91,3,2,1,4,0,45.48
Alexander Isak,Newcastle,FW,Sweden,Premier League,3,79,1,0,4,4,34,49,69.39,2,2,1,4,1,45.77
Alexander Isak,Newcastle,FW,Sweden,Premier League,4,84,0,0,5,1,29,41,70.73,3,0,0,4,1,31.75
Alexander Isak,Newcastle,FW,Sweden,Premier League,5,88,0,1,5,1,31,40,77.5,1,1,1,5,2,43.56
Alexander Isak,Newcastle,FW,Sweden,Premier League,6,83,1,1,6,1,39,53,73.58,1,2,1,2,2,45.79
Alexander Isak,Newcastle,FW,Sweden,Premier League,7,91,0,1,6,2,47,64,73.44,2,2,0,3,0,37.86
Alexander Isak,Newcastle,FW,Sweden,Premier League,8,84,0,0,2,1,35,53,66.04,1,1,1,6,0,24.82
Alexander Isak,Newcastle,FW,Sweden,Premier League,9,92,1,0,3,3,34,47,72.34,0,1,1,3,1,40.2
Alexander Isak,Newcastle,FW,Sweden,Premier League,10,89,2,0,3,1,26,31,83.87,3,0,1,7,2,60.07
Alexander Isak,Newcastle,FW,Sweden,Premier League,11,76,0,0,3,1,23,41,56.1,2,1,1,5,0,26.38
Alexander Isak,Newcastle,FW,Sweden,Premier League,12,87,0,0,5,2,39,55,70.91,2,2,0,7,0,34.34
Alexander Isak,Newcastle,FW,Sweden,Premier League,13,85,0,0,4,3,23,34,67.65,0,0,0,7,1,24.76
Alexander Isak,Newcastle,FW,Sweden,Premier League,14,92,0,0,5,4,37,51,72.55,1,0,0,6,0,31.37
Alexander Isak,Newcastle,FW,Sweden,Premier League,15,94,0,0,7,3,24,38,63.16,1,2,1,6,1,35.77
Alexander Isak,Newcastle,FW,Sweden,Premier League,16,90,2,0,2,2,40,59,67.8,3,2,0,2,2,53.1
Alexander Isak,Newcastle,FW,Sweden,Premier League,17,74,1,0,5,2,22,36,61.11,2,2,1,5,1,39.96
Alexander Isak,Newcastle,FW,Sweden,Premier League,18,75,1,0,3,1,21,35,60.0,0,1,1,5,2,35.44
Alexander Isak,Newcastle,FW,Sweden,Premier League,19,82,1,0,4,4,33,43,76.74,2,2,0,2,0,44.02
Alexander Isak,Newcastle,FW,Sweden,Premier League,20,84,1,0,3,3,26,33,78.79,1,2,0,6,2,45.05
Anthony Gordon,Newcastle,FW,England,Premier League,1,72,1,0,4,2,31,43,72.09,2,1,0,6,2,40.74
Anthony Gordon,Newcastle,FW,England,Premier League,2,82,0,0,4,1,27,36,75.0,2,0,0,2,1,24.53
Anthony Gordon,Newcastle,FW,England,Premier League,3,79,0,0,7,2,28,43,65.12,1,0,0,5,0,22.24
Anthony Gordon,Newcastle,FW,England,Premier League,4,73,0,1,2,1,47,60,78.33,1,1,1,7,0,49.25
Anthony Gordon,Newcastle,FW,England,Premier League,5,87,0,0,6,3,44,59,74.58,1,1,0,4,1,26.1
Anthony Gordon,Newcastle,FW,England,Premier League,6,77,0,0,5,4,20,30,66.67,3,1,0,3,2,37.08
Anthony Gordon,Newcastle,FW,England,Premier League,7,84,1,0,7,5,32,38,84.21,0,0,1,7,1,46.06
Anthony Gordon,Newcastle,FW,England,Premier League,8,76,0,1,6,2,34,43,79.07,0,2,0,4,2,42.04
Anthony Gordon,Newcastle,FW,England,Premier League,9,91,1,1,6,4,43,54,79.63,0,0,0,4,2,43.23
Anthony Gordon,Newcastle,FW,England,Premier League,10,72,1,0,5,3,39,45,86.67,0,1,0,6,1,45.84
Anthony Gordon,Newcastle,FW,England,Premier League,11,82,1,0,7,5,49,67,73.13,2,1,1,5,2,39.66
Anthony Gordon,Newcastle,FW,England,Premier League,12,80,0,0,7,3,42,48,87.5,2,2,0,7,0,45.07
Anthony Gordon,Newcastle,FW,England,Premier League,13,84,0,0,2,1,42,54,77.78,2,0,1,3,2,30.49
Anthony Gordon,Newcastle,FW,England,Premier League,14,77,0,0,4,1,40,57,70.18,0,0,0,6,1,20.98
Anthony Gordon,Newcastle,FW,England,Premier League,15,87,0,0,6,5,47,60,78.33,0,0,1,2,1,22.13
Anthony Gordon,Newcastle,FW,England,Premier League,16,93,1,0,7,2,27,34,79.41,2,2,0,4,0,42.98
Anthony Gordon,Newcastle,FW,England,Premier League,17,86,1,0,6,5,22,38,57.89,1,0,1,2,0,35.22
Anthony Gordon,Newcastle,FW,England,Premier League,18,88,0,0,4,1,35,40,87.5,1,2,0,2,1,27.59
Anthony Gordon,Newcastle,FW,England,Premier League,19,75,0,0,3,2,44,57,77.19,0,0,1,6,1,31.55
Anthony Gordon,Newcastle,FW,England,Premier League,20,78,0,0,5,5,28,42,66.67,2,2,1,2,0,28.69
Bruno Guimaraes,Newcastle,MF,Brazil,Premier League,1,82,0,0,4,0,49,57,85.96,4,3,4,2,0,44.34
Bruno Guimaraes,Newcastle,MF,Brazil,Premier League,2,73,0,0,1,1,55,67,82.09,3,6,2,2,0,44.83
Bruno Guimaraes,Newcastle,MF,Brazil,Premier League,3,76,0,0,4,3,53,65,81.54,4,3,3,4,2,41.31
Bruno Guimaraes,Newcastle,MF,Brazil,Premier League,4,82,0,0,3,1,64,78,82.05,4,2,2,2,0,34.4
Bruno Guimaraes,Newcastle,MF,Brazil,Premier League,5,88,0,0,2,2,79,89,88.76,2,4,3,4,0,41.86
Bruno Guimaraes,Newcastle,MF,Brazil,Premier League,6,92,0,0,4,0,48,66,72.73,3,2,5,3,2,36.38
Bruno Guimaraes,Newcastle,MF,Brazil,Premier League,7,77,0,1,3,1,63,70,90.0,1,2,5,3,1,44.83
Bruno Guimaraes,Newcastle,MF,Brazil,Premier League,8,75,0,1,3,0,57,69,82.61,3,4,3,2,0,43.21
Bruno Guimaraes,Newcastle,MF,Brazil,Premier League,9,71,0,1,2,0,61,77,79.22,2,4,3,3,2,46.03
Bruno Guimaraes,Newcastle,MF,Brazil,Premier League,10,76,0,1,1,1,83,96,86.46,2,4,5,3,1,55.65
Bruno Guimaraes,Newcastle,MF,Brazil,Premier League,11,77,1,0,4,3,48,59,81.36,3,4,4,2,0,53.88
Bruno Guimaraes,Newcastle,MF,Brazil,Premier League,12,73,0,0,1,0,55,64,85.94,2,6,2,2,2,45.3
Bruno Guimaraes,Newcastle,MF,Brazil,Premier League,13,72,0,0,3,3,49,57,85.96,4,4,5,3,1,57.15
Bruno Guimaraes,Newcastle,MF,Brazil,Premier League,14,84,0,0,4,3,67,86,77.91,2,3,3,2,1,37.78
Bruno Guimaraes,Newcastle,MF,Brazil,Premier League,15,78,0,0,4,2,52,58,89.66,3,4,3,3,0,43.44
Bruno Guimaraes,Newcastle,MF,Brazil,Premier League,16,71,0,0,1,0,45,51,88.24,2,5,3,1,0,43.32
Bruno Guimaraes,Newcastle,MF,Brazil,Premier League,17,74,0,1,3,3,69,87,79.31,2,4,3,2,0,48.99
Bruno Guimaraes,Newcastle,MF,Brazil,Premier League,18,80,0,0,2,2,81,86,94.19,4,3,3,4,0,53.62
Ollie Watkins,Aston Villa,FW,England,Premier League,1,89,0,1,3,2,25,32,78.12,0,2,0,6,0,35.84
Ollie Watkins,Aston Villa,FW,England,Premier League,2,87,0,1,7,2,42,53,79.25,0,1,0,7,0,36.91
Ollie Watkins,Aston Villa,FW,England,Premier League,3,79,1,0,5,4,48,61,78.69,1,2,0,4,0,44.32
Ollie Watkins,Aston Villa,FW,England,Premier League,4,82,0,0,3,2,43,48,89.58,3,0,0,3,1,35.84
Ollie Watkins,Aston Villa,FW,England,Premier League,5,71,0,0,3,1,34,48,70.83,1,2,1,4,1,32.62
Ollie Watkins,Aston Villa,FW,England,Premier League,6,83,0,0,5,1,39,52,75.0,1,2,0,6,1,26.37
Ollie Watkins,Aston Villa,FW,England,Premier League,7,86,0,0,4,4,38,43,88.37,1,2,1,2,1,36.7
Ollie Watkins,Aston Villa,FW,England,Premier League,8,79,0,0,7,5,41,47,87.23,2,1,0,4,0,31.7
Ollie Watkins,Aston Villa,FW,England,Premier League,9,83,1,0,3,3,45,57,78.95,0,1,1,2,2,41.09
Ollie Watkins,Aston Villa,FW,England,Premier League,10,70,0,0,4,2,48,55,87.27,0,0,0,7,0,30.06
Ollie Watkins,Aston Villa,FW,England,Premier League,11,73,0,0,5,3,48,62,77.42,1,1,1,5,0,32.33
Ollie Watkins,Aston Villa,FW,England,Premier League,12,83,1,1,6,4,34,45,75.56,1,1,0,5,1,48.73
Ollie Watkins,Aston Villa,FW,England,Premier League,13,91,0,0,3,1,36,55,65.45,0,1,1,2,0,20.86
Ollie Watkins,Aston Villa,FW,England,Premier League,14,73,0,0,3,1,26,43,60.47,2,2,1,2,2,27.98
Ollie Watkins,Aston Villa,FW,England,Premier League,15,85,1,0,6,5,21,39,53.85,2,1,0,7,2,46.24
Ollie Watkins,Aston Villa,FW,England,Premier League,16,87,1,0,2,1,28,43,65.12,2,2,0,3,2,39.0
Ollie Watkins,Aston Villa,FW,England,Premier League,17,73,0,0,7,4,25,34,73.53,2,1,0,3,1,27.44
Ollie Watkins,Aston Villa,FW,England,Premier League,18,86,0,0,3,3,31,49,63.27,3,0,1,7,2,35.79
Ollie Watkins,Aston Villa,FW,England,Premier League,19,70,0,0,5,2,26,41,63.41,0,2,0,5,1,27.28
John McGinn,Aston Villa,MF,Scotland,Premier League,1,94,0,0,4,3,90,96,93.75,4,2,2,4,0,44.25
John McGinn,Aston Villa,MF,Scotland,Premier League,2,77,0,0,4,0,48,62,77.42,1,2,2,2,1,30.71
John McGinn,Aston Villa,MF,Scotland,Premier League,3,86,0,0,1,0,62,75,82.67,2,5,2,1,1,41.33
John McGinn,Aston Villa,MF,Scotland,Premier League,4,84,0,0,4,1,64,79,81.01,4,4,5,1,0,39.61
John McGinn,Aston Villa,MF,Scotland,Premier League,5,72,0,1,1,1,70,76,92.11,2,5,2,2,0,51.34
John McGinn,Aston Villa,MF,Scotland,Premier League,6,72,0,0,4,0,56,68,82.35,1,4,4,1,2,39.97
John McGinn,Aston Villa,MF,Scotland,Premier League,7,77,0,1,2,0,93,110,84.55,1,3,3,4,1,46.07
John McGinn,Aston Villa,MF,Scotland,Premier League,8,76,0,0,4,3,51,56,91.07,1,4,3,2,1,41.07
John McGinn,Aston Villa,MF,Scotland,Premier League,9,81,0,1,1,1,55,60,91.67,2,5,3,1,1,57.11
John McGinn,Aston Villa,MF,Scotland,Premier League,10,78,0,0,2,1,65,76,85.53,4,5,5,2,1,51.54
John McGinn,Aston Villa,MF,Scotland,Premier League,11,85,0,0,4,3,90,97,92.78,3,5,5,2,1,46.78
John McGinn,Aston Villa,MF,Scotland,Premier League,12,91,0,0,2,0,80,98,81.63,2,3,5,4,2,38.14
John McGinn,Aston Villa,MF,Scotland,Premier League,13,72,0,0,4,2,87,101,86.14,1,4,2,3,2,36.9
John McGinn,Aston Villa,MF,Scotland,Premier League,14,94,0,0,1,0,47,62,75.81,1,2,3,1,0,30.88
John McGinn,Aston Villa,MF,Scotland,Premier League,15,78,0,0,3,1,54,68,79.41,4,5,4,2,1,46.01
John McGinn,Aston Villa,MF,Scotland,Premier League,16,79,0,0,2,2,45,54,83.33,4,5,3,1,1,48.08
John McGinn,Aston Villa,MF,Scotland,Premier League,17,94,0,1,1,1,78,97,80.41,2,6,4,3,2,54.96
John McGinn,Aston Villa,MF,Scotland,Premier League,18,79,0,0,2,2,80,96,83.33,2,6,5,4,0,54.63
John McGinn,Aston Villa,MF,Scotland,Premier League,19,78,0,1,4,1,74,79,93.67,3,5,5,3,2,56.33
John McGinn,Aston Villa,MF,Scotland,Premier League,20,75,0,1,1,1,66,71,92.96,4,3,4,2,1,54.35
Moussa Diaby,Aston Villa,FW,France,Premier League,1,87,0,1,7,5,44,56,78.57,1,2,1,2,2,39.62
Moussa Diaby,Aston Villa,FW,France,Premier League,2,79,1,0,5,2,46,60,76.67,1,1,0,5,1,45.01
Moussa Diaby,Aston Villa,FW,France,Premier League,3,71,0,0,6,1,40,48,83.33,1,1,0,2,0,27.06
Moussa Diaby,Aston Villa,FW,France,Premier League,4,79,0,0,7,2,33,44,75.0,1,0,1,5,0,34.47
Moussa Diaby,Aston Villa,FW,France,Premier League,5,90,0,0,6,3,45,58,77.59,2,2,1,2,1,35.2
Moussa Diaby,Aston Villa,FW,France,Premier League,6,77,0,1,6,2,49,64,76.56,1,0,0,6,2,37.8
Moussa Diaby,Aston Villa,FW,France,Premier League,7,93,1,0,3,1,24,40,60.0,1,1,0,6,2,36.12
Moussa Diaby,Aston Villa,FW,France,Premier League,8,89,0,0,5,1,34,51,66.67,0,0,0,4,1,19.72
Moussa Diaby,Aston Villa,FW,France,Premier League,9,81,1,0,5,3,34,48,70.83,3,0,1,2,2,37.19
Moussa Diaby,Aston Villa,FW,France,Premier League,10,85,1,1,6,5,32,50,64.0,0,2,0,6,2,46.14
Moussa Diaby,Aston Villa,FW,France,Premier League,11,81,0,0,2,2,31,40,77.5,1,0,1,2,0,34.69
Moussa Diaby,Aston Villa,FW,France,Premier League,12,85,1,0,4,1,21,35,60.0,1,1,0,3,0,35.03
Moussa Diaby,Aston Villa,FW,France,Premier League,13,84,0,0,2,2,24,34,70.59,3,2,1,4,0,37.42
Moussa Diaby,Aston Villa,FW,France,Premier League,14,92,0,0,7,3,29,45,64.44,3,1,1,3,0,32.81
Moussa Diaby,Aston Villa,FW,France,Premier League,15,83,1,0,4,3,49,57,85.96,2,0,0,3,0,38.88
Moussa Diaby,Aston Villa,FW,France,Premier League,16,76,0,0,3,3,47,61,77.05,1,0,1,3,0,32.03
Moussa Diaby,Aston Villa,FW,France,Premier League,17,93,1,0,7,4,36,48,75.0,2,0,1,3,0,43.88
Moussa Diaby,Aston Villa,FW,France,Premier League,18,84,1,0,4,3,21,38,55.26,2,0,1,3,0,36.27
Moussa Diaby,Aston Villa,FW,France,Premier League,19,92,0,0,5,3,41,57,71.93,0,1,1,2,1,29.7
Moussa Diaby,Aston Villa,FW,France,Premier League,20,92,0,0,5,4,45,61,73.77,2,1,0,5,2,31.38
