player_id,player_name,position,match_id,minutes_played,goals,assists,shots,shots_on_target,passes_completed,total_passes,pass_accuracy,tackles,interceptions,dribbles_completed,performance_rating
0,Player_1,Defender,0,94,0,0,0,0,50,56,89.29,5,5,0,54.68
0,Player_1,Defender,1,76,0,1,1,0,30,41,73.17,5,7,1,58.29
0,Player_1,Defender,2,91,0,0,1,1,57,72,79.17,9,5,1,71.05
0,Player_1,Defender,3,77,0,0,0,0,36,53,67.92,7,3,1,43.85
0,Player_1,Defender,4,88,0,0,0,0,31,50,62.0,7,6,0,50.25
0,Player_1,Defender,5,77,0,0,1,1,31,36,86.11,9,4,1,60.2
0,Player_1,Defender,6,92,0,1,1,0,45,59,76.27,9,6,0,61.2
0,Player_1,Defender,7,87,0,0,0,0,54,60,90.0,4,3,1,50.71
0,Player_1,Defender,8,82,0,0,0,0,37,39,94.87,6,3,0,45.43
0,Player_1,Defender,9,83,0,0,1,1,30,45,66.67,9,7,0,53.88
0,Player_1,Defender,10,86,0,0,0,0,32,36,88.89,9,5,0,50.0
0,Player_1,Defender,11,88,0,0,0,0,55,64,85.94,7,7,0,57.7
0,Player_1,Defender,12,81,0,0,1,1,34,40,85.0,8,5,0,52.46
0,Player_1,Defender,13,76,0,0,0,0,35,46,76.09,7,6,1,47.82
0,Player_1,Defender,14,85,0,0,0,0,36,36,100.0,4,3,0,50.37
0,Player_1,Defender,15,83,0,0,0,0,38,42,90.48,4,5,1,45.18
0,Player_1,Defender,16,86,0,0,1,1,53,61,86.89,7,3,1,52.47
0,Player_1,Defender,17,91,0,1,1,1,57,61,93.44,4,3,0,45.67
0,Player_1,Defender,18,76,0,0,1,1,52,55,94.55,6,5,0,51.35
0,Player_1,Defender,19,94,1,0,1,0,38,43,88.37,8,5,1,70.93
1,Player_2,Goalkeeper,0,88,0,0,0,0,38,47,80.85,0,0,0,21.57
1,Player_2,Goalkeeper,1,91,0,0,0,0,39,47,82.98,0,0,0,30.38
1,Player_2,Goalkeeper,2,92,0,0,0,0,26,27,96.3,0,1,0,28.95
1,Player_2,Goalkeeper,3,93,0,0,0,0,37,43,86.05,0,0,0,21.39
1,Player_2,Goalkeeper,4,94,0,0,0,0,22,28,78.57,0,1,0,17.02
1,Player_2,Goalkeeper,5,85,0,0,0,0,35,48,72.92,0,1,0,24.47
1,Player_2,Goalkeeper,6,89,0,0,0,0,24,34,70.59,0,0,0,14.99
1,Player_2,Goalkeeper,7,87,0,0,0,0,39,46,84.78,0,1,0,20.83
1,Player_2,Goalkeeper,8,92,0,0,0,0,20,27,74.07,0,1,0,25.35
1,Player_2,Goalkeeper,9,87,0,0,0,0,35,48,72.92,0,0,0,26.11
1,Player_2,Goalkeeper,10,87,0,0,0,0,37,50,74.0,0,1,0,9.8
1,Player_2,Goalkeeper,11,93,0,0,0,0,23,23,100.0,0,1,0,27.98
1,Player_2,Goalkeeper,12,85,0,0,0,0,33,37,89.19,0,1,0,32.61
1,Player_2,Goalkeeper,13,91,0,0,0,0,22,22,100.0,0,1,0,38.34
1,Player_2,Goalkeeper,14,85,0,0,0,0,35,46,76.09,0,0,0,15.98
1,Player_2,Goalkeeper,15,90,0,0,0,0,25,37,67.57,0,0,0,16.41
1,Player_2,Goalkeeper,16,90,0,0,0,0,27,37,72.97,0,0,0,21.96
1,Player_2,Goalkeeper,17,85,0,0,0,0,24,35,68.57,0,0,0,27.84
1,Player_2,Goalkeeper,18,87,0,0,0,0,23,25,92.0,0,1,0,24.25
1,Player_2,Goalkeeper,19,89,0,0,0,0,25,27,92.59,0,1,0,32.19
2,Player_3,Forward,0,83,0,0,4,4,20,39,51.28,2,0,6,30.34
2,Player_3,Forward,1,62,0,0,7,2,22,29,75.86,1,1,7,34.62
2,Player_3,Forward,2,82,0,0,3,2,36,43,83.72,0,0,4,36.7
2,Player_3,Forward,3,85,3,0,6,4,20,27,74.07,1,1,5,75.95
2,Player_3,Forward,4,82,0,0,7,3,44,60,73.33,1,1,7,28.69
2,Player_3,Forward,5,67,1,0,5,5,39,53,73.58,2,2,5,54.71
2,Player_3,Forward,6,75,1,0,2,2,38,42,90.48,1,0,7,57.17
2,Player_3,Forward,7,60,0,0,3,2,41,56,73.21,0,0,6,38.63
2,Player_3,Forward,8,60,2,0,4,4,45,60,75.0,2,0,7,64.22
2,Player_3,Forward,9,71,0,1,5,1,49,53,92.45,2,1,3,50.11
2,Player_3,Forward,10,64,1,0,4,2,20,24,83.33,0,2,3,46.35
2,Player_3,Forward,11,86,1,0,2,1,48,66,72.73,2,0,5,43.89
2,Player_3,Forward,12,62,1,0,6,5,31,44,70.45,1,0,4,35.58
2,Player_3,Forward,13,85,0,1,3,3,28,34,82.35,1,0,3,48.79
2,Player_3,Forward,14,70,2,0,3,1,28,30,93.33,0,2,5,67.55
2,Player_3,Forward,15,83,1,0,6,1,22,30,73.33,1,0,2,34.88
2,Player_3,Forward,16,79,1,1,5,5,28,46,60.87,0,2,5,61.32
2,Player_3,Forward,17,64,0,0,4,1,23,38,60.53,0,2,6,37.73
2,Player_3,Forward,18,73,0,0,6,3,30,47,63.83,2,0,3,30.6
2,Player_3,Forward,19,66,0,0,2,2,46,47,97.87,0,0,6,43.78
3,Player_4,Midfielder,0,88,0,2,3,0,43,46,93.48,3,5,3,50.85
3,Player_4,Midfielder,1,76,0,1,3,0,52,69,75.36,5,3,2,46.85
3,Player_4,Midfielder,2,89,0,0,1,0,40,42,95.24,2,5,2,42.83
3,Player_4,Midfielder,3,94,1,1,4,4,60,75,80.0,3,2,3,48.2
3,Player_4,Midfielder,4,74,0,1,3,0,53,67,79.1,4,2,1,39.75
3,Player_4,Midfielder,5,92,0,0,4,3,63,83,75.9,5,3,4,56.15
3,Player_4,Midfielder,6,73,0,0,2,0,75,96,78.12,4,2,1,41.69
3,Player_4,Midfielder,7,85,0,3,3,0,41,50,82.0,5,3,2,61.72
3,Player_4,Midfielder,8,82,0,0,2,0,57,71,80.28,2,4,1,34.51
3,Player_4,Midfielder,9,86,1,0,1,0,45,61,73.77,2,4,1,52.81
3,Player_4,Midfielder,10,75,1,1,3,0,60,73,82.19,2,3,1,53.76
3,Player_4,Midfielder,11,70,0,0,4,1,73,94,77.66,3,4,3,45.62
3,Player_4,Midfielder,12,87,1,0,2,2,56,71,78.87,4,4,3,62.39
3,Player_4,Midfielder,13,71,0,1,2,1,73,90,81.11,3,4,3,59.18
3,Player_4,Midfielder,14,88,1,0,4,3,69,91,75.82,3,4,1,51.92
3,Player_4,Midfielder,15,89,0,1,1,1,50,68,73.53,4,2,3,54.54
3,Player_4,Midfielder,16,92,0,0,4,3,79,82,96.34,5,2,3,51.37
3,Player_4,Midfielder,17,87,0,0,1,0,57,66,86.36,2,3,1,42.78
3,Player_4,Midfielder,18,75,0,0,2,1,73,89,82.02,3,3,1,37.48
3,Player_4,Midfielder,19,84,0,0,2,2,56,59,94.92,2,5,1,47.61
4,Player_5,Defender,0,94,0,0,1,1,55,68,80.88,5,7,1,57.65
4,Player_5,Defender,1,88,0,0,1,1,35,37,94.59,6,3,0,52.93
4,Player_5,Defender,2,79,0,0,0,0,36,47,76.6,4,3,0,45.41
4,Player_5,Defender,3,77,0,0,1,0,51,52,98.08,4,6,0,53.83
4,Player_5,Defender,4,84,0,0,1,1,31,43,72.09,9,7,0,56.82
4,Player_5,Defender,5,80,0,0,1,0,59,67,88.06,6,5,0,47.23
4,Player_5,Defender,6,82,0,1,1,1,40,43,93.02,9,3,1,67.91
4,Player_5,Defender,7,76,0,0,0,0,42,53,79.25,8,4,1,44.39
4,Player_5,Defender,8,78,0,0,0,0,41,55,74.55,4,4,1,43.06
4,Player_5,Defender,9,85,0,0,0,0,30,35,85.71,5,4,0,35.41
4,Player_5,Defender,10,84,1,0,0,0,34,42,80.95,4,3,0,60.24
4,Player_5,Defender,11,77,0,1,1,1,43,53,81.13,4,4,1,50.82
4,Player_5,Defender,12,77,0,0,1,1,58,65,89.23,6,3,0,47.33
4,Player_5,Defender,13,79,0,0,1,1,33,45,73.33,5,3,1,42.34
4,Player_5,Defender,14,82,0,0,1,0,58,63,92.06,4,3,0,35.57
4,Player_5,Defender,15,76,0,1,0,0,35,40,87.5,6,5,1,48.68
4,Player_5,Defender,16,84,0,0,0,0,30,49,61.22,9,5,1,52.72
4,Player_5,Defender,17,75,0,0,1,0,56,65,86.15,4,7,0,51.45
4,Player_5,Defender,18,89,0,0,1,0,58,65,89.23,8,7,0,63.84
4,Player_5,Defender,19,93,0,0,0,0,56,60,93.33,7,5,1,51.13
5,Player_6,Midfielder,0,77,0,0,3,1,51,63,80.95,5,3,2,43.94
5,Player_6,Midfielder,1,80,1,1,4,1,67,75,89.33,3,4,1,60.78
5,Player_6,Midfielder,2,83,2,0,1,1,75,96,78.12,4,2,1,62.22
5,Player_6,Midfielder,3,77,0,0,1,0,49,68,72.06,2,2,2,38.09
5,Player_6,Midfielder,4,78,0,0,2,2,77,78,98.72,4,3,3,51.44
5,Player_6,Midfielder,5,80,0,1,1,0,45,65,69.23,5,2,1,51.61
5,Player_6,Midfielder,6,80,0,0,1,0,46,62,74.19,5,2,1,43.29
5,Player_6,Midfielder,7,77,0,0,1,1,62,80,77.5,4,5,3,51.63
5,Player_6,Midfielder,8,86,0,0,4,2,57,57,100.0,3,4,3,63.15
5,Player_6,Midfielder,9,86,0,0,3,3,40,47,85.11,2,4,3,56.78
5,Player_6,Midfielder,10,72,0,0,2,1,72,94,76.6,4,5,4,54.16
5,Player_6,Midfielder,11,70,0,0,3,2,47,68,69.12,2,4,1,43.93
5,Player_6,Midfielder,12,72,1,1,4,2,55,58,94.83,5,2,2,61.66
5,Player_6,Midfielder,13,85,0,0,1,0,60,78,76.92,5,2,3,36.89
5,Player_6,Midfielder,14,73,0,1,1,1,50,59,84.75,4,3,3,48.14
5,Player_6,Midfielder,15,74,0,1,1,1,74,93,79.57,3,3,4,56.9
5,Player_6,Midfielder,16,93,0,0,3,1,62,78,79.49,3,4,1,42.55
5,Player_6,Midfielder,17,82,0,0,2,2,43,55,78.18,3,4,1,35.4
5,Player_6,Midfielder,18,80,1,1,2,0,76,100,76.0,3,3,4,59.08
5,Player_6,Midfielder,19,81,0,0,2,0,56,76,73.68,5,3,2,46.02
6,Player_7,Midfielder,0,71,0,1,4,2,65,85,76.47,4,5,3,61.65
6,Player_7,Midfielder,1,76,0,1,4,4,72,75,96.0,4,5,3,58.88
6,Player_7,Midfielder,2,72,1,1,1,1,41,61,67.21,2,2,4,55.99
6,Player_7,Midfielder,3,80,0,0,3,2,76,87,87.36,5,4,2,59.39
6,Player_7,Midfielder,4,75,0,0,4,2,56,65,86.15,2,4,1,42.73
6,Player_7,Midfielder,5,93,0,0,1,0,76,97,78.35,5,3,4,38.83
6,Player_7,Midfielder,6,94,1,1,2,2,71,80,88.75,5,4,1,69.48
6,Player_7,Midfielder,7,76,0,1,4,1,62,79,78.48,4,3,4,45.41
6,Player_7,Midfielder,8,76,0,0,3,0,53,76,69.74,4,5,4,50.02
6,Player_7,Midfielder,9,80,0,1,3,3,43,64,67.19,2,2,2,42.91
6,Player_7,Midfielder,10,70,1,0,3,2,73,95,76.84,2,2,2,44.8
6,Player_7,Midfielder,11,90,0,0,4,0,49,73,67.12,4,4,4,49.18
6,Player_7,Midfielder,12,74,0,0,1,1,69,86,80.23,5,3,2,40.11
6,Player_7,Midfielder,13,90,1,0,4,3,51,55,92.73,2,2,3,57.25
6,Player_7,Midfielder,14,75,2,2,4,2,47,66,71.21,2,4,2,74.31
6,Player_7,Midfielder,15,79,0,0,1,0,42,65,64.62,3,2,1,43.16
6,Player_7,Midfielder,16,91,2,1,2,2,57,73,78.08,5,4,4,90.6
6,Player_7,Midfielder,17,84,0,2,4,2,67,75,89.33,4,2,2,54.97
6,Player_7,Midfielder,18,81,0,0,1,0,50,51,98.04,5,5,3,54.14
6,Player_7,Midfielder,19,74,0,1,1,1,79,91,86.81,5,3,1,52.39
7,Player_8,Defender,0,77,0,0,0,0,42,54,77.78,4,5,1,47.5
7,Player_8,Defender,1,90,0,0,0,0,50,59,84.75,7,5,1,53.03
7,Player_8,Defender,2,81,0,1,0,0,52,61,85.25,5,5,0,49.13
7,Player_8,Defender,3,78,0,0,1,0,31,43,72.09,9,5,0,52.1
7,Player_8,Defender,4,83,0,0,1,1,53,65,81.54,6,5,1,52.73
7,Player_8,Defender,5,76,0,0,1,0,58,61,95.08,7,6,1,54.38
7,Player_8,Defender,6,78,0,0,1,0,39,39,100.0,9,4,1,54.71
7,Player_8,Defender,7,86,0,0,1,0,44,62,70.97,6,4,0,43.18
7,Player_8,Defender,8,76,0,1,0,0,38,44,86.36,8,7,0,68.52
7,Player_8,Defender,9,77,0,0,1,0,50,64,78.12,8,5,1,57.49
7,Player_8,Defender,10,80,0,0,0,0,30,35,85.71,5,7,0,50.09
7,Player_8,Defender,11,86,0,0,0,0,37,50,74.0,4,3,0,35.05
7,Player_8,Defender,12,82,0,0,1,0,32,43,74.42,8,6,1,58.07
7,Player_8,Defender,13,88,0,0,1,1,38,43,88.37,4,6,0,53.97
7,Player_8,Defender,14,76,0,0,0,0,46,53,86.79,8,4,1,49.28
7,Player_8,Defender,15,80,0,0,0,0,57,62,91.94,4,5,1,34.96
7,Player_8,Defender,16,93,0,0,0,0,43,57,75.44,9,6,1,60.05
7,Player_8,Defender,17,92,0,0,0,0,38,50,76.0,9,3,0,43.5
7,Player_8,Defender,18,94,0,0,1,0,55,68,80.88,5,4,0,39.8
7,Player_8,Defender,19,91,1,0,0,0,35,43,81.4,4,4,1,49.69
8,Player_9,Goalkeeper,0,92,0,0,0,0,37,48,77.08,0,1,0,27.72
8,Player_9,Goalkeeper,1,91,0,0,0,0,30,33,90.91,0,1,0,35.81
8,Player_9,Goalkeeper,2,88,0,0,0,0,25,34,73.53,0,1,0,34.44
8,Player_9,Goalkeeper,3,93,0,0,0,0,29,42,69.05,0,0,0,17.27
8,Player_9,Goalkeeper,4,86,0,0,0,0,31,37,83.78,0,1,0,21.98
8,Player_9,Goalkeeper,5,91,0,0,0,0,38,49,77.55,0,1,0,22.62
8,Player_9,Goalkeeper,6,90,0,0,0,0,37,39,94.87,0,1,0,32.99
8,Player_9,Goalkeeper,7,87,0,0,0,0,29,31,93.55,0,0,0,18.08
8,Player_9,Goalkeeper,8,90,0,0,0,0,34,34,100.0,0,0,0,35.46
8,Player_9,Goalkeeper,9,94,0,0,0,0,39,43,90.7,0,1,0,28.66
8,Player_9,Goalkeeper,10,88,0,0,0,0,37,37,100.0,0,0,0,22.19
8,Player_9,Goalkeeper,11,89,0,0,0,0,21,24,87.5,0,1,0,38.26
8,Player_9,Goalkeeper,12,86,0,0,0,0,23,28,82.14,0,0,0,27.9
8,Player_9,Goalkeeper,13,90,0,0,0,0,31,33,93.94,0,0,0,20.3
8,Player_9,Goalkeeper,14,86,0,0,0,0,27,31,87.1,0,0,0,29.88
8,Player_9,Goalkeeper,15,88,0,0,0,0,35,48,72.92,0,0,0,18.29
8,Player_9,Goalkeeper,16,94,0,0,0,0,31,44,70.45,0,1,0,10.09
8,Player_9,Goalkeeper,17,90,0,0,0,0,32,40,80.0,0,1,0,27.89
8,Player_9,Goalkeeper,18,90,0,0,0,0,34,47,72.34,0,1,0,32.76
8,Player_9,Goalkeeper,19,91,0,0,0,0,25,25,100.0,0,0,0,34.42
9,Player_10,Forward,0,87,0,0,2,2,31,34,91.18,0,2,4,41.6
9,Player_10,Forward,1,75,0,0,7,1,20,24,83.33,2,0,2,37.69
9,Player_10,Forward,2,79,0,0,6,4,24,40,60.0,0,2,7,34.54
9,Player_10,Forward,3,73,0,0,5,2,48,48,100.0,2,2,7,49.52
9,Player_10,Forward,4,64,0,0,5,2,39,56,69.64,2,2,7,42.09
9,Player_10,Forward,5,90,0,0,5,4,42,54,77.78,1,1,5,41.1
9,Player_10,Forward,6,67,1,0,7,5,34,48,70.83,1,0,3,40.81
9,Player_10,Forward,7,77,1,0,5,3,27,40,67.5,0,0,4,39.12
9,Player_10,Forward,8,90,1,0,3,2,47,48,97.92,1,1,2,48.04
9,Player_10,Forward,9,90,2,0,7,3,25,26,96.15,1,0,2,57.02
9,Player_10,Forward,10,82,0,1,7,7,44,58,75.86,0,1,6,50.13
9,Player_10,Forward,11,92,0,0,5,2,30,32,93.75,1,1,3,27.84
9,Player_10,Forward,12,61,0,0,3,2,25,36,69.44,0,1,6,34.42
9,Player_10,Forward,13,82,1,1,4,3,35,49,71.43,0,2,2,41.01
9,Player_10,Forward,14,70,0,0,6,6,38,39,97.44,1,0,5,39.38
9,Player_10,Forward,15,86,1,0,3,2,37,38,97.37,0,0,5,45.12
9,Player_10,Forward,16,85,0,0,5,2,26,38,68.42,2,2,2,25.56
9,Player_10,Forward,17,79,0,1,6,2,34,46,73.91,2,1,7,49.54
9,Player_10,Forward,18,80,1,0,3,2,44,53,83.02,0,1,4,42.65
9,Player_10,Forward,19,78,1,1,3,1,42,59,71.19,0,2,2,51.5
10,Player_11,Defender,0,86,0,0,0,0,51,66,77.27,8,5,1,53.48
10,Player_11,Defender,1,83,0,0,1,0,31,33,93.94,8,4,0,46.23
10,Player_11,Defender,2,84,0,0,0,0,40,46,86.96,7,5,1,54.43
10,Player_11,Defender,3,81,0,0,0,0,30,33,90.91,6,3,1,54.91
10,Player_11,Defender,4,75,0,0,1,0,46,47,97.87,7,7,1,60.03
10,Player_11,Defender,5,80,0,0,1,0,55,57,96.49,9,4,0,47.17
10,Player_11,Defender,6,86,0,0,1,0,59,78,75.64,9,6,1,49.24
10,Player_11,Defender,7,90,0,0,0,0,45,56,80.36,4,6,1,48.75
10,Player_11,Defender,8,94,0,0,0,0,57,75,76.0,9,7,1,56.66
10,Player_11,Defender,9,94,0,0,0,0,30,45,66.67,7,6,1,51.4
10,Player_11,Defender,10,88,0,0,0,0,31,39,79.49,8,4,0,48.15
10,Player_11,Defender,11,77,0,0,1,1,52,57,91.23,6,5,0,46.31
10,Player_11,Defender,12,79,0,0,0,0,39,44,88.64,5,7,0,52.46
10,Player_11,Defender,13,88,0,0,1,1,38,52,73.08,8,5,1,64.43
10,Player_11,Defender,14,76,0,1,1,0,31,31,100.0,7,3,1,59.93
10,Player_11,Defender,15,80,0,0,1,0,31,34,91.18,4,6,0,46.77
10,Player_11,Defender,16,86,1,0,1,1,47,52,90.38,8,5,1,61.33
10,Player_11,Defender,17,93,0,0,0,0,31,41,75.61,5,7,0,52.97
10,Player_11,Defender,18,89,1,0,0,0,57,70,81.43,6,6,0,59.23
10,Player_11,Defender,19,91,0,0,0,0,49,52,94.23,7,4,0,50.28
11,Player_12,Forward,0,94,0,0,7,7,24,28,85.71,1,2,3,40.05
11,Player_12,Forward,1,74,0,0,6,1,32,49,65.31,0,0,6,24.19
11,Player_12,Forward,2,77,0,0,2,1,36,46,78.26,2,0,5,34.04
11,Player_12,Forward,3,63,1,0,4,1,48,67,71.64,0,1,3,36.95
11,Player_12,Forward,4,80,1,0,2,1,20,21,95.24,0,0,3,45.13
11,Player_12,Forward,5,80,1,0,7,1,34,50,68.0,2,0,4,41.88
11,Player_12,Forward,6,64,1,0,6,1,42,52,80.77,0,0,4,34.33
11,Player_12,Forward,7,70,3,0,6,6,41,48,85.42,1,1,5,67.27
11,Player_12,Forward,8,76,0,1,3,3,37,39,94.87,0,1,5,53.17
11,Player_12,Forward,9,69,1,1,6,4,21,31,67.74,1,2,2,55.78
11,Player_12,Forward,10,77,0,0,4,2,47,64,73.44,1,1,5,34.92
11,Player_12,Forward,11,80,0,1,2,2,28,42,66.67,1,0,6,41.62
11,Player_12,Forward,12,80,2,0,4,4,41,51,80.39,0,1,5,60.62
11,Player_12,Forward,13,86,1,0,5,5,41,51,80.39,0,0,2,38.86
11,Player_12,Forward,14,62,0,0,6,6,26,37,70.27,2,0,6,38.39
11,Player_12,Forward,15,75,1,1,4,4,29,30,96.67,2,0,3,53.38
11,Player_12,Forward,16,80,1,0,2,2,32,40,80.0,1,1,3,49.06
11,Player_12,Forward,17,73,0,1,4,4,38,43,88.37,2,0,3,48.61
11,Player_12,Forward,18,63,0,0,3,2,22,26,84.62,1,0,7,33.59
11,Player_12,Forward,19,79,0,1,4,4,24,39,61.54,1,2,5,50.27
12,Player_13,Goalkeeper,0,92,0,0,0,0,21,34,61.76,0,1,0,19.0
12,Player_13,Goalkeeper,1,87,0,0,0,0,36,50,72.0,0,1,0,23.93
12,Player_13,Goalkeeper,2,87,0,0,0,0,32,43,74.42,0,1,0,24.73
12,Player_13,Goalkeeper,3,88,0,0,0,0,36,42,85.71,0,0,0,32.25
12,Player_13,Goalkeeper,4,86,0,0,0,0,39,39,100.0,0,0,0,33.09
12,Player_13,Goalkeeper,5,93,0,0,0,0,32,32,100.0,0,0,0,33.49
12,Player_13,Goalkeeper,6,90,0,0,0,0,23,26,88.46,0,1,0,31.26
12,Player_13,Goalkeeper,7,91,0,0,0,0,28,37,75.68,0,1,0,19.99
12,Player_13,Goalkeeper,8,89,0,0,0,0,39,51,76.47,0,1,0,25.65
12,Player_13,Goalkeeper,9,87,0,0,0,0,38,47,80.85,0,0,0,15.41
12,Player_13,Goalkeeper,10,94,0,0,0,0,38,42,90.48,0,0,0,20.14
12,Player_13,Goalkeeper,11,89,0,0,0,0,29,33,87.88,0,1,0,14.33
12,Player_13,Goalkeeper,12,90,0,0,0,0,23,36,63.89,0,0,0,17.8
12,Player_13,Goalkeeper,13,88,0,0,0,0,23,27,85.19,0,1,0,22.56
12,Player_13,Goalkeeper,14,92,0,0,0,0,31,40,77.5,0,1,0,29.68
12,Player_13,Goalkeeper,15,94,0,0,0,0,35,40,87.5,0,0,0,22.79
12,Player_13,Goalkeeper,16,94,0,0,0,0,32,37,86.49,0,1,0,28.82
12,Player_13,Goalkeeper,17,88,0,0,0,0,37,46,80.43,0,0,0,23.28
12,Player_13,Goalkeeper,18,93,0,0,0,0,23,24,95.83,0,0,0,27.91
12,Player_13,Goalkeeper,19,86,0,0,0,0,30,33,90.91,0,1,0,29.83
13,Player_14,Defender,0,90,0,0,1,1,43,47,91.49,5,7,1,60.18
13,Player_14,Defender,1,79,0,0,0,0,50,61,81.97,4,7,0,43.07
13,Player_14,Defender,2,75,0,0,1,0,36,36,100.0,4,7,0,54.14
13,Player_14,Defender,3,83,0,0,1,1,43,48,89.58,5,3,1,52.84
13,Player_14,Defender,4,79,0,0,1,1,31,46,67.39,6,7,0,47.66
13,Player_14,Defender,5,82,0,0,0,0,48,64,75.0,8,6,1,52.37
13,Player_14,Defender,6,78,0,0,1,1,50,64,78.12,9,6,1,67.85
13,Player_14,Defender,7,91,0,0,1,0,37,48,77.08,4,4,1,42.52
13,Player_14,Defender,8,77,0,0,0,0,56,73,76.71,6,5,0,35.86
13,Player_14,Defender,9,83,0,0,0,0,38,52,73.08,9,4,1,50.43
13,Player_14,Defender,10,94,0,0,1,0,42,44,95.45,6,4,0,45.9
13,Player_14,Defender,11,79,0,0,0,0,33,38,86.84,9,5,1,52.97
13,Player_14,Defender,12,83,0,0,1,0,42,54,77.78,5,6,1,45.9
13,Player_14,Defender,13,79,0,0,0,0,49,50,98.0,5,7,0,58.33
13,Player_14,Defender,14,83,0,0,0,0,57,68,83.82,4,5,1,43.82
13,Player_14,Defender,15,76,0,0,1,1,45,45,100.0,8,5,1,69.03
13,Player_14,Defender,16,76,0,0,1,0,54,69,78.26,9,3,0,49.62
13,Player_14,Defender,17,77,0,0,1,1,32,39,82.05,7,3,1,53.03
13,Player_14,Defender,18,75,0,0,0,0,32,35,91.43,5,3,0,38.43
13,Player_14,Defender,19,77,0,0,1,1,33,44,75.0,4,3,0,38.11
14,Player_15,Goalkeeper,0,86,0,0,0,0,38,38,100.0,0,1,0,35.36
14,Player_15,Goalkeeper,1,86,0,0,0,0,33,38,86.84,0,1,0,37.55
14,Player_15,Goalkeeper,2,88,0,0,0,0,27,40,67.5,0,0,0,26.79
14,Player_15,Goalkeeper,3,88,0,0,0,0,36,44,81.82,0,1,0,24.66
14,Player_15,Goalkeeper,4,92,0,0,0,0,33,42,78.57,0,1,0,29.12
14,Player_15,Goalkeeper,5,87,0,0,0,0,33,35,94.29,0,0,0,26.11
14,Player_15,Goalkeeper,6,94,0,0,0,0,38,46,82.61,0,1,0,22.11
14,Player_15,Goalkeeper,7,91,0,0,0,0,38,52,73.08,0,1,0,29.35
14,Player_15,Goalkeeper,8,92,0,0,0,0,25,29,86.21,0,0,0,25.26
14,Player_15,Goalkeeper,9,93,0,0,0,0,20,27,74.07,0,1,0,23.13
14,Player_15,Goalkeeper,10,93,0,0,0,0,33,43,76.74,0,0,0,17.75
14,Player_15,Goalkeeper,11,93,0,0,0,0,23,33,69.7,0,1,0,17.57
14,Player_15,Goalkeeper,12,92,0,0,0,0,21,29,72.41,0,0,0,26.24
14,Player_15,Goalkeeper,13,91,0,0,0,0,35,47,74.47,0,1,0,25.41
14,Player_15,Goalkeeper,14,85,0,0,0,0,35,48,72.92,0,1,0,24.23
14,Player_15,Goalkeeper,15,89,0,0,0,0,35,38,92.11,0,0,0,33.44
14,Player_15,Goalkeeper,16,87,0,0,0,0,31,31,100.0,0,0,0,34.88
14,Player_15,Goalkeeper,17,92,0,0,0,0,20,27,74.07,0,0,0,24.73
14,Player_15,Goalkeeper,18,91,0,0,0,0,34,41,82.93,0,1,0,26.5
14,Player_15,Goalkeeper,19,93,0,0,0,0,38,47,80.85,0,1,0,30.63
15,Player_16,Forward,0,81,1,0,6,3,23,29,79.31,1,0,4,46.41
15,Player_16,Forward,1,93,0,1,7,6,41,58,70.69,0,0,5,40.71
15,Player_16,Forward,2,65,0,0,5,2,20,32,62.5,0,2,7,27.73
15,Player_16,Forward,3,72,0,1,4,4,47,47,100.0,1,2,6,60.8
15,Player_16,Forward,4,68,1,1,4,3,42,50,84.0,2,0,4,55.63
15,Player_16,Forward,5,60,0,0,6,5,32,43,74.42,0,0,6,32.54
15,Player_16,Forward,6,85,2,0,7,5,34,50,68.0,2,1,3,53.13
15,Player_16,Forward,7,77,0,0,5,1,20,31,64.52,1,2,2,24.9
15,Player_16,Forward,8,61,1,0,4,1,29,42,69.05,1,2,7,50.72
15,Player_16,Forward,9,61,0,2,2,2,31,33,93.94,2,0,6,54.81
15,Player_16,Forward,10,74,0,0,2,1,44,49,89.8,0,1,4,46.64
15,Player_16,Forward,11,68,0,1,3,3,22,33,66.67,2,0,4,38.27
15,Player_16,Forward,12,91,0,0,5,4,20,26,76.92,1,0,5,35.8
15,Player_16,Forward,13,69,1,0,4,2,30,46,65.22,0,1,6,45.22
15,Player_16,Forward,14,67,0,0,5,1,23,39,58.97,0,1,6,24.12
15,Player_16,Forward,15,85,0,0,4,2,38,55,69.09,1,2,6,38.72
15,Player_16,Forward,16,74,0,0,3,1,24,33,72.73,0,2,7,43.85
15,Player_16,Forward,17,88,0,1,6,6,23,27,85.19,0,0,2,42.4
15,Player_16,Forward,18,72,0,1,4,3,29,30,96.67,0,2,3,47.41
15,Player_16,Forward,19,80,1,0,5,5,22,34,64.71,2,1,4,44.05
16,Player_17,Goalkeeper,0,87,0,0,0,0,36,38,94.74,0,1,0,25.18
16,Player_17,Goalkeeper,1,92,0,0,0,0,38,42,90.48,0,0,0,21.14
16,Player_17,Goalkeeper,2,89,0,0,0,0,27,38,71.05,0,0,0,34.54
16,Player_17,Goalkeeper,3,87,0,0,0,0,21,31,67.74,0,1,0,14.81
16,Player_17,Goalkeeper,4,90,0,0,0,0,30,36,83.33,0,1,0,27.81
16,Player_17,Goalkeeper,5,93,0,0,0,0,33,42,78.57,0,1,0,23.6
16,Player_17,Goalkeeper,6,90,0,0,0,0,36,38,94.74,0,0,0,23.87
16,Player_17,Goalkeeper,7,88,0,0,0,0,25,39,64.1,0,0,0,19.38
16,Player_17,Goalkeeper,8,94,0,0,0,0,23,28,82.14,0,0,0,27.84
16,Player_17,Goalkeeper,9,93,0,0,0,0,38,39,97.44,0,0,0,25.6
16,Player_17,Goalkeeper,10,87,0,0,0,0,33,43,76.74,0,1,0,35.58
16,Player_17,Goalkeeper,11,88,0,0,0,0,26,38,68.42,0,0,0,14.68
16,Player_17,Goalkeeper,12,93,0,0,0,0,27,30,90.0,0,0,0,32.83
16,Player_17,Goalkeeper,13,92,0,0,0,0,38,52,73.08,0,1,0,22.9
16,Player_17,Goalkeeper,14,87,0,0,0,0,24,36,66.67,0,0,0,23.28
16,Player_17,Goalkeeper,15,86,0,0,0,0,30,32,93.75,0,1,0,31.1
16,Player_17,Goalkeeper,16,94,0,0,0,0,29,42,69.05,0,0,0,26.44
16,Player_17,Goalkeeper,17,92,0,0,0,0,22,29,75.86,0,1,0,22.1
16,Player_17,Goalkeeper,18,93,0,0,0,0,34,36,94.44,0,0,0,27.71
16,Player_17,Goalkeeper,19,89,0,0,0,0,20,34,58.82,0,0,0,15.86
17,Player_18,Forward,0,67,1,1,3,3,27,35,77.14,1,1,7,51.44
17,Player_18,Forward,1,70,0,0,5,5,32,33,96.97,0,0,4,31.93
17,Player_18,Forward,2,75,1,1,7,4,21,22,95.45,1,0,5,56.6
17,Player_18,Forward,3,82,1,1,6,1,36,44,81.82,1,0,6,58.52
17,Player_18,Forward,4,80,0,0,2,2,36,45,80.0,1,1,5,42.63
17,Player_18,Forward,5,87,0,0,7,6,23,35,65.71,2,2,3,47.59
17,Player_18,Forward,6,71,0,0,3,2,30,38,78.95,0,2,2,34.02
17,Player_18,Forward,7,85,1,1,2,2,24,35,68.57,0,0,5,50.02
17,Player_18,Forward,8,70,1,0,3,2,34,52,65.38,0,2,2,42.97
17,Player_18,Forward,9,76,1,0,4,1,43,52,82.69,2,2,6,52.21
17,Player_18,Forward,10,80,1,0,4,1,23,37,62.16,0,1,2,35.92
17,Player_18,Forward,11,71,1,0,5,1,22,36,61.11,1,1,4,37.91
17,Player_18,Forward,12,66,1,1,2,1,25,35,71.43,1,1,2,51.17
17,Player_18,Forward,13,93,0,1,4,4,25,36,69.44,0,1,7,49.11
17,Player_18,Forward,14,60,1,0,2,1,41,50,82.0,0,2,6,44.69
17,Player_18,Forward,15,83,1,1,4,3,25,41,60.98,1,0,4,50.99
17,Player_18,Forward,16,84,1,0,5,4,35,49,71.43,0,1,5,48.29
17,Player_18,Forward,17,93,0,0,6,1,20,26,76.92,0,1,5,36.37
17,Player_18,Forward,18,75,0,0,6,4,34,52,65.38,0,2,2,22.19
17,Player_18,Forward,19,81,0,1,6,2,21,33,63.64,2,2,5,47.2
18,Player_19,Midfielder,0,73,2,1,3,3,67,88,76.14,2,2,3,71.18
18,Player_19,Midfielder,1,94,0,1,3,0,47,54,87.04,5,4,3,62.85
18,Player_19,Midfielder,2,80,0,0,4,3,70,78,89.74,3,3,2,41.5
18,Player_19,Midfielder,3,91,0,0,2,2,71,91,78.02,3,2,2,51.85
18,Player_19,Midfielder,4,75,1,0,2,0,70,72,97.22,3,3,1,57.44
18,Player_19,Midfielder,5,81,2,1,2,0,55,58,94.83,4,5,4,79.22
18,Player_19,Midfielder,6,93,0,1,3,0,64,81,79.01,4,4,3,47.09
18,Player_19,Midfielder,7,86,1,2,4,3,69,69,100.0,4,4,1,81.83
18,Player_19,Midfielder,8,89,0,1,1,0,49,52,94.23,2,5,4,62.1
18,Player_19,Midfielder,9,90,0,0,2,2,47,62,75.81,4,3,1,44.41
18,Player_19,Midfielder,10,94,0,1,4,0,66,67,98.51,4,2,4,40.04
18,Player_19,Midfielder,11,72,0,2,3,1,53,69,76.81,3,2,4,64.71
18,Player_19,Midfielder,12,89,0,0,1,1,40,52,76.92,5,5,3,44.95
18,Player_19,Midfielder,13,78,0,1,4,4,68,71,95.77,2,5,3,59.4
18,Player_19,Midfielder,14,93,0,0,2,2,58,70,82.86,5,4,3,59.46
18,Player_19,Midfielder,15,92,0,0,4,4,68,75,90.67,2,5,3,48.03
18,Player_19,Midfielder,16,85,1,0,4,1,54,56,96.43,2,2,3,49.41
18,Player_19,Midfielder,17,73,0,1,4,3,62,74,83.78,2,4,2,56.95
18,Player_19,Midfielder,18,90,0,0,1,1,45,49,91.84,2,3,4,44.89
18,Player_19,Midfielder,19,89,0,0,3,3,67,78,85.9,3,4,3,44.15
19,Player_20,Goalkeeper,0,93,0,0,0,0,24,36,66.67,0,0,0,24.27
19,Player_20,Goalkeeper,1,89,0,0,0,0,35,45,77.78,0,0,0,24.51
19,Player_20,Goalkeeper,2,93,0,0,0,0,35,45,77.78,0,0,0,20.35
19,Player_20,Goalkeeper,3,89,0,0,0,0,27,27,100.0,0,1,0,39.11
19,Player_20,Goalkeeper,4,91,0,0,0,0,29,38,76.32,0,1,0,27.3
19,Player_20,Goalkeeper,5,93,0,0,0,0,36,46,78.26,0,1,0,22.63
19,Player_20,Goalkeeper,6,94,0,0,0,0,36,39,92.31,0,1,0,34.95
19,Player_20,Goalkeeper,7,89,0,0,0,0,24,29,82.76,0,0,0,19.84
19,Player_20,Goalkeeper,8,85,0,0,0,0,38,41,92.68,0,0,0,33.21
19,Player_20,Goalkeeper,9,90,0,0,0,0,20,34,58.82,0,0,0,22.62
19,Player_20,Goalkeeper,10,94,0,0,0,0,26,38,68.42,0,1,0,21.5
19,Player_20,Goalkeeper,11,93,0,0,0,0,28,40,70.0,0,1,0,22.66
19,Player_20,Goalkeeper,12,90,0,0,0,0,39,42,92.86,0,0,0,30.05
19,Player_20,Goalkeeper,13,91,0,0,0,0,20,20,100.0,0,0,0,33.89
19,Player_20,Goalkeeper,14,94,0,0,0,0,34,37,91.89,0,1,0,33.54
19,Player_20,Goalkeeper,15,85,0,0,0,0,38,48,79.17,0,1,0,24.65
19,Player_20,Goalkeeper,16,87,0,0,0,0,27,40,67.5,0,1,0,27.63
19,Player_20,Goalkeeper,17,91,0,0,0,0,23,30,76.67,0,0,0,24.82
19,Player_20,Goalkeeper,18,87,0,0,0,0,25,33,75.76,0,0,0,31.82
19,Player_20,Goalkeeper,19,90,0,0,0,0,27,39,69.23,0,1,0,22.97
20,Player_21,Goalkeeper,0,87,0,0,0,0,38,49,77.55,0,1,0,22.87
20,Player_21,Goalkeeper,1,91,0,0,0,0,21,28,75.0,0,1,0,20.19
20,Player_21,Goalkeeper,2,87,0,0,0,0,24,31,77.42,0,0,0,25.36
20,Player_21,Goalkeeper,3,86,0,0,0,0,35,41,85.37,0,0,0,24.69
20,Player_21,Goalkeeper,4,87,0,0,0,0,37,40,92.5,0,1,0,27.79
20,Player_21,Goalkeeper,5,89,0,0,0,0,30,34,88.24,0,0,0,24.36
20,Player_21,Goalkeeper,6,85,0,0,0,0,25,25,100.0,0,0,0,26.85
20,Player_21,Goalkeeper,7,90,0,0,0,0,20,33,60.61,0,1,0,27.85
20,Player_21,Goalkeeper,8,93,0,0,0,0,38,43,88.37,0,0,0,27.34
20,Player_21,Goalkeeper,9,88,0,0,0,0,26,40,65.0,0,0,0,19.3
20,Player_21,Goalkeeper,10,91,0,0,0,0,38,43,88.37,0,0,0,25.04
20,Player_21,Goalkeeper,11,86,0,0,0,0,29,37,78.38,0,0,0,20.87
20,Player_21,Goalkeeper,12,92,0,0,0,0,29,29,100.0,0,1,0,39.57
20,Player_21,Goalkeeper,13,94,0,0,0,0,39,47,82.98,0,0,0,21.83
20,Player_21,Goalkeeper,14,85,0,0,0,0,31,37,83.78,0,0,0,27.09
20,Player_21,Goalkeeper,15,87,0,0,0,0,35,36,97.22,0,1,0,43.44
20,Player_21,Goalkeeper,16,92,0,0,0,0,29,34,85.29,0,1,0,29.02
20,Player_21,Goalkeeper,17,90,0,0,0,0,39,49,79.59,0,0,0,18.54
20,Player_21,Goalkeeper,18,90,0,0,0,0,39,50,78.0,0,0,0,30.89
20,Player_21,Goalkeeper,19,89,0,0,0,0,21,26,80.77,0,0,0,30.47
21,Player_22,Midfielder,0,84,0,0,4,0,75,76,98.68,2,5,1,44.44
21,Player_22,Midfielder,1,90,1,1,2,1,69,93,74.19,2,5,1,52.22
21,Player_22,Midfielder,2,86,0,1,3,0,49,52,94.23,2,2,2,49.09
21,Player_22,Midfielder,3,85,0,0,3,1,74,93,79.57,4,2,3,36.94
21,Player_22,Midfielder,4,94,0,0,1,0,48,66,72.73,5,5,1,53.14
21,Player_22,Midfielder,5,87,0,0,1,0,62,76,81.58,5,5,3,51.67
21,Player_22,Midfielder,6,70,0,0,4,1,79,89,88.76,2,3,3,44.68
21,Player_22,Midfielder,7,85,0,2,3,3,52,75,69.33,3,4,2,50.05
21,Player_22,Midfielder,8,75,0,1,3,1,56,64,87.5,2,3,3,40.83
21,Player_22,Midfielder,9,70,1,1,1,1,77,84,91.67,5,3,4,72.92
21,Player_22,Midfielder,10,80,1,1,3,1,52,55,94.55,3,5,3,67.46
21,Player_22,Midfielder,11,73,0,0,3,1,77,94,81.91,2,2,2,33.79
21,Player_22,Midfielder,12,75,0,0,1,1,67,87,77.01,3,4,3,49.46
21,Player_22,Midfielder,13,72,0,0,4,3,66,89,74.16,3,4,1,46.34
21,Player_22,Midfielder,14,90,0,0,4,0,71,93,76.34,5,2,4,35.97
21,Player_22,Midfielder,15,76,0,0,1,0,45,63,71.43,2,4,3,45.17
21,Player_22,Midfielder,16,91,0,2,4,2,69,93,74.19,4,3,1,56.63
21,Player_22,Midfielder,17,82,0,0,4,4,56,78,71.79,5,2,2,38.91
21,Player_22,Midfielder,18,74,0,0,2,1,72,88,81.82,3,4,4,45.64
21,Player_22,Midfielder,19,79,0,0,2,0,67,77,87.01,3,4,3,46.73
22,Player_23,Defender,0,93,0,0,1,1,40,48,83.33,4,3,0,39.77
22,Player_23,Defender,1,84,0,0,0,0,42,42,100.0,5,7,1,64.1
22,Player_23,Defender,2,89,0,0,1,0,58,64,90.62,5,3,0,44.65
22,Player_23,Defender,3,77,0,0,0,0,30,46,65.22,9,3,0,41.44
22,Player_23,Defender,4,77,0,0,1,1,57,72,79.17,4,6,0,54.97
22,Player_23,Defender,5,90,0,0,1,0,36,49,73.47,8,5,0,48.7
22,Player_23,Defender,6,76,0,0,0,0,50,63,79.37,9,3,1,42.62
22,Player_23,Defender,7,82,1,0,0,0,47,48,97.92,8,7,1,70.44
22,Player_23,Defender,8,89,0,1,0,0,48,50,96.0,9,5,0,60.78
22,Player_23,Defender,9,94,0,0,1,0,59,69,85.51,5,3,0,30.62
22,Player_23,Defender,10,76,0,0,0,0,33,40,82.5,4,4,1,45.77
22,Player_23,Defender,11,81,0,0,0,0,34,52,65.38,7,7,0,51.56
22,Player_23,Defender,12,81,0,0,1,0,55,71,77.46,6,7,1,53.39
22,Player_23,Defender,13,84,0,0,0,0,51,66,77.27,6,3,1,44.74
22,Player_23,Defender,14,87,0,0,1,1,41,51,80.39,4,4,1,45.79
22,Player_23,Defender,15,92,1,0,0,0,44,46,95.65,9,5,1,62.79
22,Player_23,Defender,16,75,0,0,0,0,55,68,80.88,8,5,1,54.83
22,Player_23,Defender,17,80,0,0,1,1,30,37,81.08,4,7,0,53.97
22,Player_23,Defender,18,80,0,0,0,0,34,47,72.34,5,3,1,39.54
22,Player_23,Defender,19,81,1,0,0,0,30,35,85.71,6,6,1,54.06
23,Player_24,Defender,0,84,0,0,0,0,44,59,74.58,8,7,0,50.89
23,Player_24,Defender,1,90,0,0,0,0,43,60,71.67,4,6,1,48.5
23,Player_24,Defender,2,89,0,0,0,0,45,49,91.84,8,7,1,55.72
23,Player_24,Defender,3,93,0,0,0,0,54,73,73.97,6,5,1,44.85
23,Player_24,Defender,4,76,0,0,0,0,34,52,65.38,8,6,1,54.71
23,Player_24,Defender,5,94,0,0,1,0,58,75,77.33,6,4,1,47.45
23,Player_24,Defender,6,85,0,0,0,0,56,64,87.5,9,4,1,55.77
23,Player_24,Defender,7,78,0,0,1,1,47,61,77.05,4,7,1,46.5
23,Player_24,Defender,8,88,0,0,0,0,52,62,83.87,7,6,1,53.88
23,Player_24,Defender,9,87,0,0,1,1,33,43,76.74,7,5,1,57.11
23,Player_24,Defender,10,94,0,0,1,0,49,68,72.06,9,5,0,51.83
23,Player_24,Defender,11,90,0,0,1,0,38,40,95.0,6,6,0,52.51
23,Player_24,Defender,12,84,0,0,0,0,37,51,72.55,8,6,1,52.98
23,Player_24,Defender,13,93,0,0,0,0,41,42,97.62,6,6,1,56.33
23,Player_24,Defender,14,80,0,0,0,0,34,53,64.15,6,7,1,49.46
23,Player_24,Defender,15,84,0,0,0,0,42,45,93.33,8,4,1,47.41
23,Player_24,Defender,16,78,0,0,0,0,53,54,98.15,6,6,1,53.15
23,Player_24,Defender,17,80,0,0,1,0,41,56,73.21,7,3,0,43.47
23,Player_24,Defender,18,84,0,0,1,1,38,50,76.0,4,4,0,44.67
23,Player_24,Defender,19,83,0,0,0,0,47,59,79.66,4,6,1,40.2
24,Player_25,Midfielder,0,88,0,0,4,1,55,77,71.43,4,5,3,42.72
24,Player_25,Midfielder,1,82,1,0,1,0,65,78,83.33,4,3,4,56.72
24,Player_25,Midfielder,2,76,1,0,3,1,67,87,77.01,3,4,4,41.9
24,Player_25,Midfielder,3,85,0,2,1,1,53,55,96.36,3,4,4,66.64
24,Player_25,Midfielder,4,81,0,2,1,0,70,90,77.78,3,5,3,65.3
24,Player_25,Midfielder,5,82,1,0,1,0,75,75,100.0,2,4,1,56.14
24,Player_25,Midfielder,6,86,0,0,3,0,62,75,82.67,5,5,3,50.76
24,Player_25,Midfielder,7,76,0,1,3,1,57,73,78.08,3,4,1,46.65
24,Player_25,Midfielder,8,87,0,1,1,1,60,75,80.0,4,2,4,57.51
24,Player_25,Midfielder,9,89,0,0,3,3,69,69,100.0,2,5,1,44.86
24,Player_25,Midfielder,10,91,1,1,4,3,72,84,85.71,3,2,1,62.37
24,Player_25,Midfielder,11,79,0,1,1,0,71,91,78.02,2,5,3,56.69
24,Player_25,Midfielder,12,93,0,0,1,0,47,55,85.45,2,4,3,41.16
24,Player_25,Midfielder,13,88,0,0,3,3,56,61,91.8,4,5,2,53.22
24,Player_25,Midfielder,14,71,0,0,4,3,61,77,79.22,4,5,2,58.23
24,Player_25,Midfielder,15,86,0,0,2,2,74,87,85.06,5,5,3,52.6
24,Player_25,Midfielder,16,70,0,1,4,1,43,48,89.58,5,4,1,58.61
24,Player_25,Midfielder,17,93,0,0,3,1,42,65,64.62,3,3,2,31.12
24,Player_25,Midfielder,18,78,0,1,3,3,44,46,95.65,3,4,4,59.72
24,Player_25,Midfielder,19,78,0,0,2,2,70,87,80.46,5,5,3,61.03
25,Player_26,Goalkeeper,0,91,0,0,0,0,35,41,85.37,0,1,0,23.49
25,Player_26,Goalkeeper,1,87,0,0,0,0,39,39,100.0,0,1,0,28.96
25,Player_26,Goalkeeper,2,90,0,0,0,0,20,23,86.96,0,1,0,29.68
25,Player_26,Goalkeeper,3,88,0,0,0,0,34,47,72.34,0,0,0,22.35
25,Player_26,Goalkeeper,4,89,0,0,0,0,24,29,82.76,0,0,0,25.04
25,Player_26,Goalkeeper,5,89,0,0,0,0,22,27,81.48,0,1,0,25.16
25,Player_26,Goalkeeper,6,91,0,0,0,0,22,29,75.86,0,1,0,28.08
25,Player_26,Goalkeeper,7,92,0,0,0,0,30,42,71.43,0,1,0,23.88
25,Player_26,Goalkeeper,8,89,0,0,0,0,32,36,88.89,0,0,0,23.01
25,Player_26,Goalkeeper,9,90,0,0,0,0,24,32,75.0,0,0,0,21.26
25,Player_26,Goalkeeper,10,86,0,0,0,0,20,27,74.07,0,1,0,29.17
25,Player_26,Goalkeeper,11,91,0,0,0,0,32,42,76.19,0,1,0,26.45
25,Player_26,Goalkeeper,12,90,0,0,0,0,28,34,82.35,0,0,0,21.22
25,Player_26,Goalkeeper,13,86,0,0,0,0,39,47,82.98,0,1,0,30.68
25,Player_26,Goalkeeper,14,85,0,0,0,0,27,31,87.1,0,0,0,20.75
25,Player_26,Goalkeeper,15,94,0,0,0,0,29,33,87.88,0,0,0,27.47
25,Player_26,Goalkeeper,16,85,0,0,0,0,25,27,92.59,0,0,0,25.34
25,Player_26,Goalkeeper,17,85,0,0,0,0,36,41,87.8,0,1,0,30.44
25,Player_26,Goalkeeper,18,85,0,0,0,0,25,25,100.0,0,1,0,38.17
25,Player_26,Goalkeeper,19,92,0,0,0,0,34,39,87.18,0,0,0,25.83
26,Player_27,Defender,0,87,0,0,0,0,57,62,91.94,8,4,0,60.76
26,Player_27,Defender,1,89,0,0,1,0,47,64,73.44,7,3,0,34.87
26,Player_27,Defender,2,88,0,0,1,0,44,62,70.97,6,6,0,44.21
26,Player_27,Defender,3,78,0,1,1,0,58,74,78.38,6,4,0,47.36
26,Player_27,Defender,4,77,0,0,1,1,43,47,91.49,9,6,1,65.53
26,Player_27,Defender,5,78,0,0,0,0,31,33,93.94,9,5,0,54.52
26,Player_27,Defender,6,83,0,0,0,0,53,64,82.81,6,4,0,38.5
26,Player_27,Defender,7,84,0,0,0,0,58,64,90.62,7,4,0,57.7
26,Player_27,Defender,8,87,0,0,1,1,58,71,81.69,7,6,0,54.58
26,Player_27,Defender,9,92,0,0,0,0,34,43,79.07,7,5,0,49.27
26,Player_27,Defender,10,77,0,0,1,1,33,49,67.35,4,5,0,44.56
26,Player_27,Defender,11,77,0,0,1,0,40,52,76.92,6,4,0,44.59
26,Player_27,Defender,12,83,0,0,0,0,47,63,74.6,6,3,0,42.6
26,Player_27,Defender,13,89,0,0,0,0,59,60,98.33,8,3,1,47.24
26,Player_27,Defender,14,88,0,0,1,0,38,51,74.51,6,6,1,45.44
26,Player_27,Defender,15,85,0,1,0,0,59,60,98.33,7,3,1,54.94
26,Player_27,Defender,16,92,0,0,0,0,48,65,73.85,6,7,0,47.24
26,Player_27,Defender,17,86,0,0,1,1,57,69,82.61,7,4,1,53.44
26,Player_27,Defender,18,89,0,0,0,0,52,65,80.0,7,6,0,52.16
26,Player_27,Defender,19,91,0,0,0,0,55,70,78.57,7,6,1,53.42
27,Player_28,Forward,0,71,0,0,7,2,26,38,68.42,0,0,6,25.76
27,Player_28,Forward,1,78,0,0,6,3,42,61,68.85,0,0,7,25.5
27,Player_28,Forward,2,61,0,0,6,6,23,35,65.71,2,2,3,39.84
27,Player_28,Forward,3,88,0,0,5,1,26,44,59.09,2,1,7,29.54
27,Player_28,Forward,4,74,1,1,5,3,24,27,88.89,0,1,6,60.69
27,Player_28,Forward,5,80,1,0,3,3,39,48,81.25,1,1,5,56.45
27,Player_28,Forward,6,83,0,1,6,3,43,43,100.0,2,2,6,51.74
27,Player_28,Forward,7,66,0,1,3,3,27,44,61.36,2,2,6,44.02
27,Player_28,Forward,8,62,0,0,2,2,21,37,56.76,1,1,7,31.5
27,Player_28,Forward,9,91,0,0,2,1,43,51,84.31,1,1,6,39.07
27,Player_28,Forward,10,75,0,0,3,3,46,54,85.19,1,1,2,36.51
27,Player_28,Forward,11,71,0,0,2,2,35,54,64.81,2,1,2,36.11
27,Player_28,Forward,12,83,0,0,2,2,21,35,60.0,0,0,6,23.66
27,Player_28,Forward,13,71,0,2,6,4,43,43,100.0,0,1,7,65.13
27,Player_28,Forward,14,62,0,1,6,4,40,47,85.11,2,1,7,47.84
27,Player_28,Forward,15,82,0,0,5,1,28,42,66.67,1,0,6,37.86
27,Player_28,Forward,16,86,0,0,4,2,34,44,77.27,0,0,4,25.19
27,Player_28,Forward,17,82,2,1,2,1,41,42,97.62,0,0,5,62.5
27,Player_28,Forward,18,86,0,0,5,4,42,52,80.77,2,2,7,53.82
27,Player_28,Forward,19,85,0,1,3,1,34,34,100.0,0,1,6,37.23
28,Player_29,Goalkeeper,0,90,0,0,0,0,27,39,69.23,0,1,0,24.46
28,Player_29,Goalkeeper,1,87,0,0,0,0,24,34,70.59,0,1,0,18.49
28,Player_29,Goalkeeper,2,88,0,0,0,0,32,35,91.43,0,0,0,25.81
28,Player_29,Goalkeeper,3,87,0,0,0,0,25,35,71.43,0,0,0,28.08
28,Player_29,Goalkeeper,4,93,0,0,0,0,39,53,73.58,0,0,0,18.9
28,Player_29,Goalkeeper,5,92,0,0,0,0,39,46,84.78,0,1,0,30.96
28,Player_29,Goalkeeper,6,94,0,0,0,0,35,37,94.59,0,1,0,25.09
28,Player_29,Goalkeeper,7,93,0,0,0,0,39,46,84.78,0,0,0,20.63
28,Player_29,Goalkeeper,8,91,0,0,0,0,38,49,77.55,0,0,0,15.52
28,Player_29,Goalkeeper,9,94,0,0,0,0,29,39,74.36,0,0,0,23.6
28,Player_29,Goalkeeper,10,90,0,0,0,0,21,31,67.74,0,0,0,14.86
28,Player_29,Goalkeeper,11,90,0,0,0,0,36,45,80.0,0,1,0,30.17
28,Player_29,Goalkeeper,12,85,0,0,0,0,22,29,75.86,0,1,0,32.71
28,Player_29,Goalkeeper,13,92,0,0,0,0,26,36,72.22,0,0,0,24.54
28,Player_29,Goalkeeper,14,88,0,0,0,0,31,40,77.5,0,1,0,15.12
28,Player_29,Goalkeeper,15,89,0,0,0,0,24,37,64.86,0,0,0,23.5
28,Player_29,Goalkeeper,16,92,0,0,0,0,35,43,81.4,0,0,0,28.25
28,Player_29,Goalkeeper,17,93,0,0,0,0,39,44,88.64,0,1,0,33.64
28,Player_29,Goalkeeper,18,85,0,0,0,0,26,39,66.67,0,1,0,25.39
28,Player_29,Goalkeeper,19,91,0,0,0,0,32,38,84.21,0,1,0,26.58
29,Player_30,Goalkeeper,0,93,0,0,0,0,38,38,100.0,0,1,0,27.11
29,Player_30,Goalkeeper,1,88,0,0,0,0,32,46,69.57,0,1,0,22.86
29,Player_30,Goalkeeper,2,92,0,0,0,0,38,43,88.37,0,1,0,36.08
29,Player_30,Goalkeeper,3,90,0,0,0,0,39,48,81.25,0,1,0,33.78
29,Player_30,Goalkeeper,4,91,0,0,0,0,29,35,82.86,0,1,0,25.37
29,Player_30,Goalkeeper,5,94,0,0,0,0,29,37,78.38,0,0,0,21.72
29,Player_30,Goalkeeper,6,86,0,0,0,0,25,35,71.43,0,1,0,19.24
29,Player_30,Goalkeeper,7,86,0,0,0,0,23,23,100.0,0,1,0,29.48
29,Player_30,Goalkeeper,8,90,0,0,0,0,23,23,100.0,0,0,0,34.98
29,Player_30,Goalkeeper,9,87,0,0,0,0,27,39,69.23,0,1,0,24.04
29,Player_30,Goalkeeper,10,87,0,0,0,0,23,24,95.83,0,1,0,31.37
29,Player_30,Goalkeeper,11,93,0,0,0,0,37,48,77.08,0,1,0,21.17
29,Player_30,Goalkeeper,12,87,0,0,0,0,34,44,77.27,0,0,0,30.05
29,Player_30,Goalkeeper,13,91,0,0,0,0,35,48,72.92,0,1,0,16.16
29,Player_30,Goalkeeper,14,91,0,0,0,0,28,31,90.32,0,1,0,28.87
29,Player_30,Goalkeeper,15,88,0,0,0,0,37,46,80.43,0,0,0,19.97
29,Player_30,Goalkeeper,16,91,0,0,0,0,20,34,58.82,0,1,0,27.36
29,Player_30,Goalkeeper,17,92,0,0,0,0,38,42,90.48,0,1,0,21.25
29,Player_30,Goalkeeper,18,89,0,0,0,0,29,29,100.0,0,1,0,28.63
29,Player_30,Goalkeeper,19,86,0,0,0,0,39,45,86.67,0,0,0,23.98
30,Player_31,Goalkeeper,0,90,0,0,0,0,37,39,94.87,0,0,0,27.29
30,Player_31,Goalkeeper,1,89,0,0,0,0,20,31,64.52,0,0,0,23.39
30,Player_31,Goalkeeper,2,94,0,0,0,0,30,33,90.91,0,0,0,18.39
30,Player_31,Goalkeeper,3,92,0,0,0,0,21,32,65.62,0,0,0,25.01
30,Player_31,Goalkeeper,4,90,0,0,0,0,29,37,78.38,0,0,0,15.91
30,Player_31,Goalkeeper,5,91,0,0,0,0,38,44,86.36,0,0,0,34.64
30,Player_31,Goalkeeper,6,93,0,0,0,0,32,37,86.49,0,1,0,30.44
30,Player_31,Goalkeeper,7,89,0,0,0,0,29,39,74.36,0,0,0,25.12
30,Player_31,Goalkeeper,8,94,0,0,0,0,34,40,85.0,0,0,0,21.2
30,Player_31,Goalkeeper,9,87,0,0,0,0,25,36,69.44,0,0,0,24.9
30,Player_31,Goalkeeper,10,90,0,0,0,0,32,44,72.73,0,0,0,20.1
30,Player_31,Goalkeeper,11,94,0,0,0,0,39,53,73.58,0,1,0,26.95
30,Player_31,Goalkeeper,12,87,0,0,0,0,22,34,64.71,0,1,0,29.89
30,Player_31,Goalkeeper,13,93,0,0,0,0,33,45,73.33,0,0,0,31.49
30,Player_31,Goalkeeper,14,93,0,0,0,0,26,40,65.0,0,0,0,30.02
30,Player_31,Goalkeeper,15,85,0,0,0,0,29,39,74.36,0,1,0,27.29
30,Player_31,Goalkeeper,16,92,0,0,0,0,36,44,81.82,0,1,0,26.09
30,Player_31,Goalkeeper,17,94,0,0,0,0,33,46,71.74,0,0,0,21.12
30,Player_31,Goalkeeper,18,88,0,0,0,0,30,35,85.71,0,0,0,30.57
30,Player_31,Goalkeeper,19,93,0,0,0,0,38,45,84.44,0,0,0,19.31
31,Player_32,Goalkeeper,0,93,0,0,0,0,27,30,90.0,0,1,0,23.95
31,Player_32,Goalkeeper,1,86,0,0,0,0,35,37,94.59,0,1,0,27.8
31,Player_32,Goalkeeper,2,92,0,0,0,0,25,32,78.12,0,1,0,25.31
31,Player_32,Goalkeeper,3,89,0,0,0,0,39,44,88.64,0,1,0,23.49
31,Player_32,Goalkeeper,4,86,0,0,0,0,21,30,70.0,0,0,0,19.37
31,Player_32,Goalkeeper,5,86,0,0,0,0,34,42,80.95,0,0,0,20.52
31,Player_32,Goalkeeper,6,87,0,0,0,0,22,28,78.57,0,0,0,24.13
31,Player_32,Goalkeeper,7,92,0,0,0,0,28,28,100.0,0,0,0,30.23
31,Player_32,Goalkeeper,8,91,0,0,0,0,38,39,97.44,0,1,0,28.46
31,Player_32,Goalkeeper,9,85,0,0,0,0,38,49,77.55,0,0,0,31.26
31,Player_32,Goalkeeper,10,88,0,0,0,0,36,40,90.0,0,1,0,30.53
31,Player_32,Goalkeeper,11,92,0,0,0,0,35,40,87.5,0,0,0,30.17
31,Player_32,Goalkeeper,12,91,0,0,0,0,35,46,76.09,0,1,0,16.18
31,Player_32,Goalkeeper,13,89,0,0,0,0,28,28,100.0,0,1,0,41.42
31,Player_32,Goalkeeper,14,91,0,0,0,0,38,44,86.36,0,0,0,29.59
31,Player_32,Goalkeeper,15,86,0,0,0,0,34,34,100.0,0,0,0,38.29
31,Player_32,Goalkeeper,16,93,0,0,0,0,26,32,81.25,0,0,0,17.39
31,Player_32,Goalkeeper,17,87,0,0,0,0,34,41,82.93,0,0,0,26.57
31,Player_32,Goalkeeper,18,94,0,0,0,0,26,27,96.3,0,1,0,22.78
31,Player_32,Goalkeeper,19,93,0,0,0,0,32,40,80.0,0,0,0,26.17
32,Player_33,Forward,0,85,0,0,2,1,39,43,90.7,1,0,5,40.94
32,Player_33,Forward,1,84,0,0,4,1,48,53,90.57,1,0,4,48.98
32,Player_33,Forward,2,73,0,0,6,3,20,38,52.63,1,0,5,30.69
32,Player_33,Forward,3,60,0,0,5,3,21,36,58.33,1,0,4,15.95
32,Player_33,Forward,4,82,0,1,2,2,38,38,100.0,1,2,3,55.11
32,Player_33,Forward,5,65,0,0,2,2,30,36,83.33,2,1,3,31.33
32,Player_33,Forward,6,89,1,0,6,1,34,37,91.89,2,0,6,50.86
32,Player_33,Forward,7,79,2,0,6,2,48,56,85.71,2,2,7,70.88
32,Player_33,Forward,8,68,0,0,6,5,29,41,70.73,0,0,3,39.95
32,Player_33,Forward,9,82,1,0,6,6,45,63,71.43,0,2,2,44.11
32,Player_33,Forward,10,90,1,0,3,1,32,38,84.21,1,2,7,48.46
32,Player_33,Forward,11,70,1,0,4,4,38,52,73.08,1,0,5,44.55
32,Player_33,Forward,12,74,2,0,7,4,26,44,59.09,0,0,7,49.62
32,Player_33,Forward,13,87,0,0,2,1,32,44,72.73,2,2,3,34.55
32,Player_33,Forward,14,93,0,1,7,5,49,65,75.38,1,2,3,39.68
32,Player_33,Forward,15,87,2,1,7,3,27,45,60.0,1,2,2,50.84
32,Player_33,Forward,16,60,0,0,7,4,22,24,91.67,1,0,4,41.05
32,Player_33,Forward,17,92,0,0,2,1,36,38,94.74,0,2,5,47.31
32,Player_33,Forward,18,94,1,0,2,2,43,62,69.35,2,1,3,40.91
32,Player_33,Forward,19,74,2,0,4,2,34,46,73.91,0,1,6,49.66
33,Player_34,Goalkeeper,0,88,0,0,0,0,36,48,75.0,0,0,0,16.07
33,Player_34,Goalkeeper,1,86,0,0,0,0,26,38,68.42,0,0,0,21.07
33,Player_34,Goalkeeper,2,93,0,0,0,0,25,38,65.79,0,1,0,18.7
33,Player_34,Goalkeeper,3,89,0,0,0,0,33,41,80.49,0,1,0,14.09
33,Player_34,Goalkeeper,4,88,0,0,0,0,22,26,84.62,0,1,0,29.54
33,Player_34,Goalkeeper,5,85,0,0,0,0,35,44,79.55,0,0,0,28.25
33,Player_34,Goalkeeper,6,86,0,0,0,0,23,27,85.19,0,0,0,30.04
33,Player_34,Goalkeeper,7,91,0,0,0,0,24,28,85.71,0,1,0,19.35
33,Player_34,Goalkeeper,8,87,0,0,0,0,28,32,87.5,0,1,0,33.91
33,Player_34,Goalkeeper,9,86,0,0,0,0,28,38,73.68,0,1,0,23.77
33,Player_34,Goalkeeper,10,90,0,0,0,0,21,27,77.78,0,0,0,24.94
33,Player_34,Goalkeeper,11,85,0,0,0,0,20,27,74.07,0,1,0,25.06
33,Player_34,Goalkeeper,12,88,0,0,0,0,37,47,78.72,0,0,0,27.95
33,Player_34,Goalkeeper,13,94,0,0,0,0,28,34,82.35,0,1,0,31.71
33,Player_34,Goalkeeper,14,90,0,0,0,0,35,36,97.22,0,0,0,24.96
33,Player_34,Goalkeeper,15,85,0,0,0,0,32,39,82.05,0,1,0,31.28
33,Player_34,Goalkeeper,16,90,0,0,0,0,32,32,100.0,0,0,0,34.8
33,Player_34,Goalkeeper,17,85,0,0,0,0,34,35,97.14,0,0,0,31.99
33,Player_34,Goalkeeper,18,90,0,0,0,0,38,51,74.51,0,1,0,21.61
33,Player_34,Goalkeeper,19,91,0,0,0,0,37,46,80.43,0,0,0,24.34
34,Player_35,Goalkeeper,0,90,0,0,0,0,20,23,86.96,0,1,0,33.21
34,Player_35,Goalkeeper,1,89,0,0,0,0,33,41,80.49,0,0,0,22.72
34,Player_35,Goalkeeper,2,94,0,0,0,0,38,45,84.44,0,0,0,18.64
34,Player_35,Goalkeeper,3,90,0,0,0,0,22,35,62.86,0,1,0,21.66
34,Player_35,Goalkeeper,4,90,0,0,0,0,30,33,90.91,0,1,0,18.89
34,Player_35,Goalkeeper,5,86,0,0,0,0,20,34,58.82,0,1,0,19.22
34,Player_35,Goalkeeper,6,86,0,0,0,0,36,41,87.8,0,1,0,32.89
34,Player_35,Goalkeeper,7,92,0,0,0,0,22,29,75.86,0,0,0,25.06
34,Player_35,Goalkeeper,8,87,0,0,0,0,31,32,96.88,0,0,0,28.6
34,Player_35,Goalkeeper,9,89,0,0,0,0,35,46,76.09,0,0,0,16.37
34,Player_35,Goalkeeper,10,90,0,0,0,0,27,36,75.0,0,1,0,22.79
34,Player_35,Goalkeeper,11,91,0,0,0,0,26,37,70.27,0,0,0,21.09
34,Player_35,Goalkeeper,12,91,0,0,0,0,31,45,68.89,0,1,0,15.72
34,Player_35,Goalkeeper,13,91,0,0,0,0,38,39,97.44,0,1,0,23.23
34,Player_35,Goalkeeper,14,86,0,0,0,0,36,40,90.0,0,1,0,32.27
34,Player_35,Goalkeeper,15,88,0,0,0,0,20,25,80.0,0,0,0,28.05
34,Player_35,Goalkeeper,16,89,0,0,0,0,25,27,92.59,0,1,0,26.67
34,Player_35,Goalkeeper,17,91,0,0,0,0,32,38,84.21,0,0,0,22.49
34,Player_35,Goalkeeper,18,94,0,0,0,0,20,34,58.82,0,1,0,17.66
34,Player_35,Goalkeeper,19,93,0,0,0,0,24,36,66.67,0,1,0,16.08
35,Player_36,Defender,0,75,0,0,1,1,58,60,96.67,6,7,1,69.27
35,Player_36,Defender,1,81,0,0,1,0,36,44,81.82,4,7,1,35.64
35,Player_36,Defender,2,94,0,0,0,0,55,56,98.21,9,6,0,54.62
35,Player_36,Defender,3,84,1,0,1,1,45,53,84.91,9,5,1,68.42
35,Player_36,Defender,4,91,0,0,1,1,33,50,66.0,8,3,0,43.19
35,Player_36,Defender,5,75,0,0,1,0,50,55,90.91,4,7,1,50.03
35,Player_36,Defender,6,82,0,0,1,0,54,55,98.18,4,6,1,48.27
35,Player_36,Defender,7,91,0,1,0,0,50,67,74.63,8,4,0,58.73
35,Player_36,Defender,8,91,0,0,0,0,42,59,71.19,4,3,1,33.16
35,Player_36,Defender,9,92,0,0,0,0,40,51,78.43,4,7,0,51.49
35,Player_36,Defender,10,89,0,0,1,1,55,68,80.88,7,3,1,48.59
35,Player_36,Defender,11,75,0,0,0,0,41,57,71.93,6,5,0,45.89
35,Player_36,Defender,12,77,1,0,1,1,33,48,68.75,8,3,0,64.34
35,Player_36,Defender,13,81,0,0,1,0,38,51,74.51,6,4,1,34.79
35,Player_36,Defender,14,88,0,0,0,0,49,51,96.08,7,6,0,62.81
35,Player_36,Defender,15,86,0,0,1,0,42,55,76.36,9,4,1,43.05
35,Player_36,Defender,16,90,0,0,0,0,52,66,78.79,8,3,1,49.22
35,Player_36,Defender,17,94,0,0,1,1,31,34,91.18,9,5,1,58.69
35,Player_36,Defender,18,86,0,0,1,1,51,68,75.0,7,6,0,45.67
35,Player_36,Defender,19,82,0,0,1,1,56,66,84.85,8,5,0,61.58
36,Player_37,Defender,0,89,0,0,0,0,50,54,92.59,4,5,0,46.55
36,Player_37,Defender,1,82,0,0,1,1,53,55,96.36,9,4,1,52.24
36,Player_37,Defender,2,80,0,0,0,0,39,55,70.91,4,5,1,40.38
36,Player_37,Defender,3,81,0,0,1,0,51,54,94.44,5,7,0,59.19
36,Player_37,Defender,4,76,0,0,1,1,58,76,76.32,6,3,0,43.17
36,Player_37,Defender,5,85,0,0,0,0,49,64,76.56,7,7,1,45.04
36,Player_37,Defender,6,86,0,0,1,0,51,62,82.26,5,6,1,40.6
36,Player_37,Defender,7,80,0,0,1,1,39,44,88.64,4,5,1,47.09
36,Player_37,Defender,8,80,0,0,1,0,53,58,91.38,8,3,1,43.27
36,Player_37,Defender,9,92,0,0,1,1,45,54,83.33,6,4,1,38.32
36,Player_37,Defender,10,94,0,1,0,0,31,50,62.0,9,7,0,57.2
36,Player_37,Defender,11,76,0,0,1,1,32,50,64.0,5,7,1,46.8
36,Player_37,Defender,12,92,0,0,0,0,59,70,84.29,8,4,0,57.28
36,Player_37,Defender,13,78,0,0,1,0,55,70,78.57,4,6,1,49.08
36,Player_37,Defender,14,76,0,0,0,0,45,49,91.84,5,7,0,56.21
36,Player_37,Defender,15,86,0,0,1,0,34,45,75.56,5,7,0,44.59
36,Player_37,Defender,16,86,0,0,1,0,44,48,91.67,8,7,0,58.75
36,Player_37,Defender,17,88,0,0,0,0,36,43,83.72,7,5,0,53.16
36,Player_37,Defender,18,89,0,0,0,0,33,43,76.74,7,4,0,44.56
36,Player_37,Defender,19,90,0,0,0,0,37,49,75.51,6,7,0,47.42
37,Player_38,Goalkeeper,0,92,0,0,0,0,35,49,71.43,0,0,0,13.87
37,Player_38,Goalkeeper,1,85,0,0,0,0,28,39,71.79,0,0,0,17.04
37,Player_38,Goalkeeper,2,90,0,0,0,0,39,44,88.64,0,1,0,27.69
37,Player_38,Goalkeeper,3,86,0,0,0,0,32,38,84.21,0,1,0,28.07
37,Player_38,Goalkeeper,4,94,0,0,0,0,33,43,76.74,0,1,0,34.7
37,Player_38,Goalkeeper,5,91,0,0,0,0,28,35,80.0,0,0,0,18.63
37,Player_38,Goalkeeper,6,87,0,0,0,0,29,39,74.36,0,0,0,18.49
37,Player_38,Goalkeeper,7,87,0,0,0,0,38,47,80.85,0,1,0,20.93
37,Player_38,Goalkeeper,8,90,0,0,0,0,23,37,62.16,0,1,0,19.99
37,Player_38,Goalkeeper,9,91,0,0,0,0,31,32,96.88,0,1,0,29.2
37,Player_38,Goalkeeper,10,89,0,0,0,0,22,30,73.33,0,0,0,24.28
37,Player_38,Goalkeeper,11,93,0,0,0,0,21,29,72.41,0,1,0,27.04
37,Player_38,Goalkeeper,12,88,0,0,0,0,28,42,66.67,0,0,0,15.96
37,Player_38,Goalkeeper,13,88,0,0,0,0,24,25,96.0,0,1,0,25.81
37,Player_38,Goalkeeper,14,85,0,0,0,0,26,35,74.29,0,0,0,19.25
37,Player_38,Goalkeeper,15,87,0,0,0,0,33,42,78.57,0,1,0,24.88
37,Player_38,Goalkeeper,16,91,0,0,0,0,36,49,73.47,0,1,0,27.22
37,Player_38,Goalkeeper,17,91,0,0,0,0,21,21,100.0,0,1,0,23.88
37,Player_38,Goalkeeper,18,92,0,0,0,0,34,48,70.83,0,0,0,20.97
37,Player_38,Goalkeeper,19,86,0,0,0,0,36,47,76.6,0,1,0,26.67
38,Player_39,Goalkeeper,0,93,0,0,0,0,34,46,73.91,0,0,0,25.64
38,Player_39,Goalkeeper,1,88,0,0,0,0,22,27,81.48,0,0,0,24.0
38,Player_39,Goalkeeper,2,90,0,0,0,0,37,45,82.22,0,1,0,22.84
38,Player_39,Goalkeeper,3,91,0,0,0,0,23,37,62.16,0,1,0,20.48
38,Player_39,Goalkeeper,4,94,0,0,0,0,39,53,73.58,0,0,0,22.14
38,Player_39,Goalkeeper,5,85,0,0,0,0,37,41,90.24,0,0,0,29.47
38,Player_39,Goalkeeper,6,87,0,0,0,0,32,33,96.97,0,1,0,29.13
38,Player_39,Goalkeeper,7,88,0,0,0,0,38,50,76.0,0,1,0,21.19
38,Player_39,Goalkeeper,8,91,0,0,0,0,31,35,88.57,0,1,0,34.28
38,Player_39,Goalkeeper,9,91,0,0,0,0,29,38,76.32,0,0,0,20.68
38,Player_39,Goalkeeper,10,91,0,0,0,0,24,33,72.73,0,1,0,19.96
38,Player_39,Goalkeeper,11,87,0,0,0,0,27,27,100.0,0,1,0,25.61
38,Player_39,Goalkeeper,12,85,0,0,0,0,26,39,66.67,0,0,0,19.43
38,Player_39,Goalkeeper,13,85,0,0,0,0,24,33,72.73,0,0,0,22.18
38,Player_39,Goalkeeper,14,88,0,0,0,0,27,32,84.38,0,0,0,24.51
38,Player_39,Goalkeeper,15,85,0,0,0,0,23,32,71.88,0,1,0,28.25
38,Player_39,Goalkeeper,16,94,0,0,0,0,25,33,75.76,0,0,0,22.4
38,Player_39,Goalkeeper,17,92,0,0,0,0,33,39,84.62,0,1,0,34.86
38,Player_39,Goalkeeper,18,88,0,0,0,0,25,30,83.33,0,0,0,16.77
38,Player_39,Goalkeeper,19,87,0,0,0,0,20,20,100.0,0,0,0,33.02
39,Player_40,Defender,0,84,0,0,0,0,54,66,81.82,9,7,0,56.14
39,Player_40,Defender,1,90,0,0,0,0,46,54,85.19,4,7,1,54.51
39,Player_40,Defender,2,93,0,0,0,0,39,48,81.25,6,6,0,57.66
39,Player_40,Defender,3,91,0,0,1,0,36,52,69.23,7,7,1,47.86
39,Player_40,Defender,4,80,0,0,1,1,58,66,87.88,7,5,1,57.62
39,Player_40,Defender,5,93,0,0,1,0,32,48,66.67,4,6,0,49.66
39,Player_40,Defender,6,89,0,0,0,0,51,69,73.91,8,6,1,47.88
39,Player_40,Defender,7,75,0,0,1,1,36,53,67.92,9,5,1,51.27
39,Player_40,Defender,8,92,0,0,1,1,37,38,97.37,7,4,1,46.4
39,Player_40,Defender,9,83,0,2,1,1,33,39,84.62,7,3,1,61.37
39,Player_40,Defender,10,86,0,0,0,0,52,67,77.61,7,7,1,54.85
39,Player_40,Defender,11,86,0,0,1,1,57,68,83.82,5,4,1,46.64
39,Player_40,Defender,12,89,0,1,1,0,48,54,88.89,5,4,1,61.2
39,Player_40,Defender,13,80,0,0,0,0,32,41,78.05,6,5,0,40.93
39,Player_40,Defender,14,86,0,0,0,0,53,54,98.15,7,4,0,46.48
39,Player_40,Defender,15,93,0,0,0,0,42,60,70.0,8,6,1,55.17
39,Player_40,Defender,16,77,0,0,1,1,51,53,96.23,7,3,1,56.49
39,Player_40,Defender,17,87,0,0,1,0,32,48,66.67,4,4,0,34.15
39,Player_40,Defender,18,87,0,0,0,0,56,70,80.0,6,5,0,51.7
39,Player_40,Defender,19,84,0,0,1,1,42,44,95.45,6,7,1,73.63
40,Player_41,Defender,0,81,0,0,1,1,32,39,82.05,6,7,0,57.64
40,Player_41,Defender,1,94,0,0,0,0,41,47,87.23,4,7,0,47.21
40,Player_41,Defender,2,80,0,0,1,1,31,50,62.0,4,6,0,44.98
40,Player_41,Defender,3,94,0,0,0,0,36,53,67.92,9,7,0,58.35
40,Player_41,Defender,4,93,0,0,1,0,45,56,80.36,5,3,1,42.0
40,Player_41,Defender,5,83,0,1,0,0,42,61,68.85,8,5,1,60.43
40,Player_41,Defender,6,87,0,0,1,0,50,55,90.91,8,6,1,56.54
40,Player_41,Defender,7,90,0,0,0,0,51,69,73.91,7,5,1,50.07
40,Player_41,Defender,8,94,0,1,0,0,50,56,89.29,9,4,0,61.15
40,Player_41,Defender,9,75,0,0,1,0,30,40,75.0,9,6,0,49.43
40,Player_41,Defender,10,93,0,0,0,0,39,43,90.7,4,4,1,48.59
40,Player_41,Defender,11,84,0,0,0,0,46,60,76.67,9,3,0,46.72
40,Player_41,Defender,12,84,0,0,0,0,42,47,89.36,7,4,1,56.74
40,Player_41,Defender,13,90,0,0,1,0,42,57,73.68,6,7,1,43.55
40,Player_41,Defender,14,80,0,0,1,1,54,64,84.38,4,7,0,51.25
40,Player_41,Defender,15,90,0,0,1,0,51,66,77.27,7,6,0,55.08
40,Player_41,Defender,16,79,0,0,1,0,45,50,90.0,7,7,0,46.1
40,Player_41,Defender,17,87,0,0,0,0,57,64,89.06,8,7,1,59.92
40,Player_41,Defender,18,81,0,0,1,1,31,39,79.49,8,5,0,54.97
40,Player_41,Defender,19,77,0,0,0,0,31,48,64.58,5,6,1,38.78
41,Player_42,Forward,0,79,1,0,2,1,20,39,51.28,0,1,2,35.49
41,Player_42,Forward,1,70,0,0,6,2,32,32,100.0,2,1,4,39.58
41,Player_42,Forward,2,83,0,1,2,1,41,55,74.55,2,0,3,47.7
41,Player_42,Forward,3,63,0,0,3,3,37,38,97.37,2,0,3,45.41
41,Player_42,Forward,4,82,1,0,2,2,20,24,83.33,2,1,2,42.37
41,Player_42,Forward,5,79,0,1,2,2,43,45,95.56,1,1,5,54.89
41,Player_42,Forward,6,84,0,0,6,3,41,51,80.39,0,0,6,31.34
41,Player_42,Forward,7,77,0,0,7,2,40,43,93.02,2,2,6,46.8
41,Player_42,Forward,8,85,0,1,2,1,33,49,67.35,0,1,5,39.13
41,Player_42,Forward,9,92,2,1,4,3,24,41,58.54,0,2,7,61.74
41,Player_42,Forward,10,71,0,1,3,3,36,40,90.0,0,1,2,41.61
41,Player_42,Forward,11,77,0,1,7,1,34,39,87.18,1,0,6,56.33
41,Player_42,Forward,12,63,1,1,7,3,38,55,69.09,1,1,7,58.33
41,Player_42,Forward,13,84,1,0,2,2,39,43,90.7,1,0,7,51.86
41,Player_42,Forward,14,64,2,0,7,2,31,33,93.94,1,0,6,59.34
41,Player_42,Forward,15,62,1,0,5,3,42,50,84.0,1,0,7,47.39
41,Player_42,Forward,16,90,0,1,7,5,45,54,83.33,1,2,2,44.57
41,Player_42,Forward,17,65,0,0,4,2,44,49,89.8,2,1,2,46.7
41,Player_42,Forward,18,71,0,0,3,2,37,40,92.5,1,1,6,40.42
41,Player_42,Forward,19,89,0,0,2,1,39,46,84.78,0,2,6,37.59
42,Player_43,Defender,0,89,0,0,0,0,37,55,67.27,5,4,0,46.46
42,Player_43,Defender,1,93,0,0,1,0,36,47,76.6,8,4,1,45.55
42,Player_43,Defender,2,79,0,0,0,0,42,42,100.0,6,3,0,46.56
42,Player_43,Defender,3,90,0,0,1,0,46,51,90.2,5,3,1,45.21
42,Player_43,Defender,4,88,0,0,1,0,38,45,84.44,7,4,0,39.25
42,Player_43,Defender,5,80,0,0,1,0,41,43,95.35,9,5,0,55.46
42,Player_43,Defender,6,90,0,0,0,0,50,58,86.21,5,7,0,47.03
42,Player_43,Defender,7,76,0,1,0,0,35,37,94.59,5,5,1,54.52
42,Player_43,Defender,8,90,0,0,1,0,38,57,66.67,7,7,0,52.11
42,Player_43,Defender,9,79,1,0,1,0,38,39,97.44,8,7,1,65.92
42,Player_43,Defender,10,90,0,0,0,0,52,65,80.0,8,5,1,48.24
42,Player_43,Defender,11,84,0,0,0,0,48,49,97.96,5,5,1,42.86
42,Player_43,Defender,12,77,0,0,1,0,50,52,96.15,9,4,1,62.77
42,Player_43,Defender,13,75,0,1,1,1,33,45,73.33,4,5,1,50.37
42,Player_43,Defender,14,94,0,0,1,1,43,47,91.49,4,7,0,55.82
42,Player_43,Defender,15,76,0,0,1,1,34,52,65.38,7,6,0,44.18
42,Player_43,Defender,16,85,0,0,0,0,56,58,96.55,5,7,0,54.86
42,Player_43,Defender,17,94,0,0,1,0,31,36,86.11,4,3,0,39.17
42,Player_43,Defender,18,75,0,0,0,0,41,56,73.21,4,3,0,42.26
42,Player_43,Defender,19,76,0,0,0,0,51,53,96.23,7,7,1,61.8
43,Player_44,Defender,0,79,0,0,1,1,47,66,71.21,7,4,1,55.38
43,Player_44,Defender,1,81,1,0,1,0,41,49,83.67,5,4,0,51.82
43,Player_44,Defender,2,92,0,0,0,0,51,66,77.27,4,4,1,38.34
43,Player_44,Defender,3,78,0,0,1,0,55,72,76.39,8,7,1,60.59
43,Player_44,Defender,4,89,0,0,0,0,52,62,83.87,4,4,1,55.06
43,Player_44,Defender,5,81,0,0,1,1,30,36,83.33,5,3,0,50.3
43,Player_44,Defender,6,91,0,1,1,1,54,57,94.74,5,4,1,59.35
43,Player_44,Defender,7,91,0,0,1,1,37,48,77.08,6,3,0,47.45
43,Player_44,Defender,8,92,0,0,1,0,35,54,64.81,4,4,0,42.58
43,Player_44,Defender,9,75,0,1,0,0,44,56,78.57,5,3,1,45.97
43,Player_44,Defender,10,81,0,0,1,0,58,67,86.57,4,6,1,55.34
43,Player_44,Defender,11,94,0,0,1,0,57,59,96.61,7,4,1,55.27
43,Player_44,Defender,12,93,0,0,0,0,40,56,71.43,7,5,1,55.66
43,Player_44,Defender,13,79,0,0,1,1,31,50,62.0,7,6,1,55.71
43,Player_44,Defender,14,92,0,0,0,0,40,41,97.56,6,7,0,52.46
43,Player_44,Defender,15,92,0,0,0,0,32,42,76.19,7,6,0,51.25
43,Player_44,Defender,16,81,0,0,0,0,54,63,85.71,6,5,1,47.83
43,Player_44,Defender,17,86,0,0,0,0,33,46,71.74,4,3,0,36.87
43,Player_44,Defender,18,77,0,0,0,0,37,55,67.27,4,3,0,24.96
43,Player_44,Defender,19,89,0,0,0,0,59,72,81.94,7,3,1,50.01
44,Player_45,Midfielder,0,75,0,0,2,0,63,68,92.65,3,5,3,48.56
44,Player_45,Midfielder,1,79,0,1,2,1,57,80,71.25,5,3,2,54.73
44,Player_45,Midfielder,2,82,0,0,4,4,72,88,81.82,3,3,4,40.66
44,Player_45,Midfielder,3,94,0,0,4,3,78,84,92.86,5,4,2,45.35
44,Player_45,Midfielder,4,90,0,2,3,1,67,71,94.37,4,5,3,68.1
44,Player_45,Midfielder,5,88,0,0,3,2,46,68,67.65,2,4,2,38.23
44,Player_45,Midfielder,6,71,0,1,2,0,64,83,77.11,3,5,1,41.18
44,Player_45,Midfielder,7,85,0,0,4,2,58,78,74.36,4,4,2,43.09
44,Player_45,Midfielder,8,70,1,0,1,0,57,67,85.07,5,3,4,62.44
44,Player_45,Midfielder,9,71,1,0,2,2,47,51,92.16,3,5,1,53.15
44,Player_45,Midfielder,10,84,1,1,1,0,72,79,91.14,5,2,1,62.24
44,Player_45,Midfielder,11,71,0,2,2,1,64,66,96.97,5,3,3,65.74
44,Player_45,Midfielder,12,83,0,0,3,3,47,53,88.68,4,4,1,50.28
44,Player_45,Midfielder,13,74,0,0,4,3,56,56,100.0,4,3,4,47.72
44,Player_45,Midfielder,14,91,0,0,4,0,68,80,85.0,2,3,1,38.25
44,Player_45,Midfielder,15,88,0,0,1,0,47,56,83.93,2,2,1,31.87
44,Player_45,Midfielder,16,72,0,1,1,0,75,81,92.59,2,3,2,44.24
44,Player_45,Midfielder,17,93,0,1,3,0,70,75,93.33,4,4,4,59.61
44,Player_45,Midfielder,18,89,0,0,3,3,72,78,92.31,5,4,4,58.77
44,Player_45,Midfielder,19,85,0,2,3,3,64,87,73.56,5,2,2,55.43
45,Player_46,Forward,0,90,0,0,4,3,27,41,65.85,0,1,5,26.93
45,Player_46,Forward,1,91,1,0,6,5,24,39,61.54,1,2,7,51.41
45,Player_46,Forward,2,64,0,0,4,3,34,40,85.0,2,1,4,39.92
45,Player_46,Forward,3,67,0,1,3,2,49,64,76.56,2,1,6,54.34
45,Player_46,Forward,4,88,0,1,7,6,40,48,83.33,1,2,5,46.93
45,Player_46,Forward,5,74,0,0,5,1,26,43,60.47,2,1,3,26.93
45,Player_46,Forward,6,94,0,0,2,2,24,41,58.54,0,1,3,31.92
45,Player_46,Forward,7,69,1,1,6,1,45,60,75.0,1,1,7,50.95
45,Player_46,Forward,8,67,1,0,3,2,30,37,81.08,0,2,4,53.68
45,Player_46,Forward,9,66,0,0,7,7,41,43,95.35,2,1,5,48.02
45,Player_46,Forward,10,93,2,1,3,1,31,47,65.96,2,2,3,67.98
45,Player_46,Forward,11,93,1,0,5,5,27,45,60.0,2,1,6,46.79
45,Player_46,Forward,12,78,1,0,5,3,26,42,61.9,0,0,3,31.06
45,Player_46,Forward,13,80,0,0,2,1,29,45,64.44,0,1,2,30.77
45,Player_46,Forward,14,66,0,0,5,3,23,26,88.46,0,0,4,33.85
45,Player_46,Forward,15,75,1,0,6,6,32,33,96.97,2,2,2,55.78
45,Player_46,Forward,16,70,1,0,6,5,24,40,60.0,0,2,7,51.43
45,Player_46,Forward,17,70,1,0,4,2,30,40,75.0,2,1,4,45.13
45,Player_46,Forward,18,63,0,2,2,1,20,20,100.0,2,1,3,61.29
45,Player_46,Forward,19,60,0,0,5,3,37,45,82.22,1,2,4,43.84
46,Player_47,Forward,0,88,0,1,6,1,21,25,84.0,1,0,6,37.62
46,Player_47,Forward,1,85,0,0,7,4,36,49,73.47,1,0,5,40.7
46,Player_47,Forward,2,67,0,2,5,2,37,50,74.0,0,2,6,50.06
46,Player_47,Forward,3,83,1,0,4,4,33,44,75.0,0,2,2,51.69
46,Player_47,Forward,4,80,0,0,4,1,44,45,97.78,1,1,4,37.42
46,Player_47,Forward,5,86,1,0,7,2,41,49,83.67,0,0,3,43.96
46,Player_47,Forward,6,67,1,0,7,3,29,29,100.0,1,1,5,52.61
46,Player_47,Forward,7,66,0,0,2,1,37,45,82.22,1,0,6,35.3
46,Player_47,Forward,8,69,0,1,7,3,43,53,81.13,2,0,5,40.8
46,Player_47,Forward,9,66,0,0,2,2,21,28,75.0,1,2,3,41.02
46,Player_47,Forward,10,66,0,0,4,1,21,21,100.0,2,1,6,48.56
46,Player_47,Forward,11,83,0,1,2,2,49,49,100.0,1,0,4,51.44
46,Player_47,Forward,12,83,1,0,6,6,45,46,97.83,1,1,2,53.92
46,Player_47,Forward,13,88,1,0,5,5,30,32,93.75,1,2,3,51.74
46,Player_47,Forward,14,73,0,0,3,2,38,38,100.0,0,1,3,42.82
46,Player_47,Forward,15,66,0,0,3,2,36,36,100.0,0,0,4,30.71
46,Player_47,Forward,16,63,0,0,3,2,30,36,83.33,0,1,4,31.27
46,Player_47,Forward,17,75,0,1,4,2,24,40,60.0,1,1,7,46.05
46,Player_47,Forward,18,67,0,2,3,3,44,53,83.02,0,0,2,41.29
46,Player_47,Forward,19,78,1,1,3,1,28,42,66.67,2,2,2,48.75
47,Player_48,Forward,0,81,0,0,5,1,46,54,85.19,1,2,3,33.2
47,Player_48,Forward,1,65,0,1,3,2,23,26,88.46,0,2,3,42.88
47,Player_48,Forward,2,80,1,0,4,4,25,34,73.53,0,0,3,36.28
47,Player_48,Forward,3,60,0,0,5,4,48,67,71.64,1,2,2,35.78
47,Player_48,Forward,4,93,2,1,2,1,20,24,83.33,2,0,5,65.77
47,Player_48,Forward,5,76,0,0,4,4,29,31,93.55,0,2,2,40.64
47,Player_48,Forward,6,68,0,0,4,2,24,29,82.76,1,2,2,41.59
47,Player_48,Forward,7,61,0,0,7,2,44,46,95.65,0,1,5,42.47
47,Player_48,Forward,8,69,2,0,7,2,29,44,65.91,0,0,3,45.83
47,Player_48,Forward,9,67,1,0,7,3,30,40,75.0,0,1,2,35.22
47,Player_48,Forward,10,69,1,0,3,3,23,28,82.14,1,1,2,51.0
47,Player_48,Forward,11,65,0,0,7,1,27,37,72.97,2,1,7,47.18
47,Player_48,Forward,12,84,1,0,6,1,21,22,95.45,0,0,4,53.56
47,Player_48,Forward,13,91,0,1,3,2,41,48,85.42,1,0,2,38.44
47,Player_48,Forward,14,60,0,0,4,2,29,43,67.44,2,1,7,49.84
47,Player_48,Forward,15,62,0,1,2,2,45,52,86.54,1,1,3,45.32
47,Player_48,Forward,16,89,0,0,5,3,22,33,66.67,2,1,2,36.26
47,Player_48,Forward,17,68,0,0,6,3,39,41,95.12,0,2,7,42.34
47,Player_48,Forward,18,70,1,0,7,7,49,60,81.67,2,0,5,61.0
47,Player_48,Forward,19,72,1,0,3,2,29,41,70.73,2,1,4,52.25
48,Player_49,Goalkeeper,0,87,0,0,0,0,36,48,75.0,0,0,0,27.95
48,Player_49,Goalkeeper,1,94,0,0,0,0,32,41,78.05,0,0,0,19.67
48,Player_49,Goalkeeper,2,85,0,0,0,0,33,45,73.33,0,1,0,24.43
48,Player_49,Goalkeeper,3,85,0,0,0,0,32,45,71.11,0,0,0,18.4
48,Player_49,Goalkeeper,4,86,0,0,0,0,36,46,78.26,0,1,0,25.13
48,Player_49,Goalkeeper,5,88,0,0,0,0,35,48,72.92,0,1,0,19.38
48,Player_49,Goalkeeper,6,89,0,0,0,0,36,50,72.0,0,1,0,23.81
48,Player_49,Goalkeeper,7,85,0,0,0,0,31,45,68.89,0,1,0,25.66
48,Player_49,Goalkeeper,8,91,0,0,0,0,33,46,71.74,0,0,0,20.16
48,Player_49,Goalkeeper,9,88,0,0,0,0,29,42,69.05,0,1,0,28.26
48,Player_49,Goalkeeper,10,90,0,0,0,0,33,40,82.5,0,0,0,13.78
48,Player_49,Goalkeeper,11,93,0,0,0,0,39,44,88.64,0,1,0,36.59
48,Player_49,Goalkeeper,12,93,0,0,0,0,38,39,97.44,0,1,0,34.91
48,Player_49,Goalkeeper,13,93,0,0,0,0,21,29,72.41,0,0,0,22.03
48,Player_49,Goalkeeper,14,89,0,0,0,0,27,32,84.38,0,1,0,29.04
48,Player_49,Goalkeeper,15,85,0,0,0,0,22,27,81.48,0,1,0,28.47
48,Player_49,Goalkeeper,16,88,0,0,0,0,37,51,72.55,0,0,0,30.86
48,Player_49,Goalkeeper,17,91,0,0,0,0,34,34,100.0,0,0,0,28.04
48,Player_49,Goalkeeper,18,93,0,0,0,0,30,30,100.0,0,0,0,26.57
48,Player_49,Goalkeeper,19,87,0,0,0,0,34,38,89.47,0,0,0,32.96
49,Player_50,Goalkeeper,0,88,0,0,0,0,24,26,92.31,0,0,0,24.59
49,Player_50,Goalkeeper,1,86,0,0,0,0,35,43,81.4,0,0,0,28.73
49,Player_50,Goalkeeper,2,87,0,0,0,0,39,39,100.0,0,1,0,27.65
49,Player_50,Goalkeeper,3,87,0,0,0,0,28,40,70.0,0,1,0,28.49
49,Player_50,Goalkeeper,4,91,0,0,0,0,32,46,69.57,0,0,0,24.49
49,Player_50,Goalkeeper,5,92,0,0,0,0,23,25,92.0,0,1,0,36.82
49,Player_50,Goalkeeper,6,93,0,0,0,0,29,32,90.62,0,1,0,25.63
49,Player_50,Goalkeeper,7,86,0,0,0,0,31,35,88.57,0,0,0,37.16
49,Player_50,Goalkeeper,8,88,0,0,0,0,31,35,88.57,0,0,0,24.66
49,Player_50,Goalkeeper,9,86,0,0,0,0,22,25,88.0,0,1,0,28.42
49,Player_50,Goalkeeper,10,85,0,0,0,0,33,33,100.0,0,0,0,35.27
49,Player_50,Goalkeeper,11,89,0,0,0,0,28,30,93.33,0,0,0,27.82
49,Player_50,Goalkeeper,12,91,0,0,0,0,28,33,84.85,0,1,0,28.5
49,Player_50,Goalkeeper,13,85,0,0,0,0,35,49,71.43,0,1,0,22.11
49,Player_50,Goalkeeper,14,92,0,0,0,0,34,40,85.0,0,0,0,25.49
49,Player_50,Goalkeeper,15,94,0,0,0,0,22,28,78.57,0,0,0,20.91
49,Player_50,Goalkeeper,16,92,0,0,0,0,23,36,63.89,0,0,0,22.39
49,Player_50,Goalkeeper,17,88,0,0,0,0,20,20,100.0,0,1,0,29.06
49,Player_50,Goalkeeper,18,85,0,0,0,0,26,32,81.25,0,1,0,24.47
49,Player_50,Goalkeeper,19,86,0,0,0,0,38,45,84.44,0,0,0,32.86
